-- Clear existing data
TRUNCATE TABLE verification_images CASCADE;
TRUNCATE TABLE access_logs CASCADE;
TRUNCATE TABLE notification_history CASCADE;
TRUNCATE TABLE employees CASCADE;

-- Insert employee data with standardized RFID tags and roles
INSERT INTO employees (id, name, rfid_tag, role, email, face_embedding, active, last_verified, verification_count, photo_url)
VALUES
  ('296c37de-8dbb-4479-a12a-90f59a91a54b', 'Sebastian Galvez', 'EMP002', 'Security Officer', 'sebastian.galvez@acme.local', NULL, true, NOW(), 0,
   'https://icaqsnveqjmzyawjdffw.supabase.co/storage/v1/object/public/Campus-Security-and-Evacuation-System/employees/employee_296c37de-8dbb-4479-a12a-90f59a91a54b_profile_1745411696.jpg'),
  ('841a532c-6904-45a7-b3fe-b719bf9588f1', 'Luke Reynolds', 'EMP003', 'Security Officer', 'luke.reynolds@acme.local', NULL, true, NOW(), 1,
   'https://icaqsnveqjmzyawjdffw.supabase.co/storage/v1/object/public/Campus-Security-and-Evacuation-System/employees/employee_841a532c-6904-45a7-b3fe-b719bf9588f1_profile_1745411327.jpg'),
  ('56637754-b86c-436d-80da-f2b09433ceba', 'Anthony Hailey', 'EMP004', 'Administrator', 'anthony.hailey@acme.local', NULL, true, NOW(), 2,
   'https://icaqsnveqjmzyawjdffw.supabase.co/storage/v1/object/public/Campus-Security-and-Evacuation-System/employees/employee_56637754-b86c-436d-80da-f2b09433ceba_profile_1745411012.jpg'),
  ('57f478ed-d79d-4874-b255-327f1868db88', 'Dakota Dietz', 'EMP005', 'Security Officer', 'dakota.dietz@acme.local', NULL, true, NOW(), 3,
   'https://icaqsnveqjmzyawjdffw.supabase.co/storage/v1/object/public/Campus-Security-and-Evacuation-System/employees/employee_57f478ed-d79d-4874-b255-327f1868db88_profile_1745411126.jpg'),
  ('efd6d697-9c09-446e-b486-3441f25040fc', 'Manuel Fermento', 'EMP006', 'Administrator', 'manuel.fermento@acme.local', NULL, true, NOW(), 0,
   'https://icaqsnveqjmzyawjdffw.supabase.co/storage/v1/object/public/Campus-Security-and-Evacuation-System/employees/employee_efd6d697-9c09-446e-b486-3441f25040fc_profile_1745411618.jpg'),
  ('e9d1edfd-c778-4aee-96e4-cde9ca3f191e', 'Robert Ackerman', 'EMP008', 'Security Officer', 'robert.ackerman@acme.local', NULL, true, NOW(), 1,
   'https://icaqsnveqjmzyawjdffw.supabase.co/storage/v1/object/public/Campus-Security-and-Evacuation-System/employees/employee_e9d1edfd-c778-4aee-96e4-cde9ca3f191e_profile_1745411653.jpg'),
  ('fcb7cf71-654d-4d6e-b1e8-a0d4d9f00b8f', 'Santiago Zambrano', 'EMP009', 'Security Officer', 'santiago.zambrano@acme.local', NULL, true, NOW(), 2,
   'https://icaqsnveqjmzyawjdffw.supabase.co/storage/v1/object/public/Campus-Security-and-Evacuation-System/employees/employee_fcb7cf71-654d-4d6e-b1e8-a0d4d9f00b8f_profile_1745411673.jpg'),
  ('2a9ddfb4-cb07-43f3-96c5-4ede0bf9467b', 'Kyle Holliday', 'EMP020', 'Engineer', 'kyle@acme.local', NULL, true, NOW(), 3,
   'https://icaqsnveqjmzyawjdffw.supabase.co/storage/v1/object/public/Campus-Security-and-Evacuation-System/employees/employee_2a9ddfb4-cb07-43f3-96c5-4ede0bf9467b_profile.jpg'),
  -- Added Kaleb Cole and Griffin Holbert --
  ('f9941e45-5897-405c-8ec6-8e337a5ded49', 'Kaleb Cole', 'EMP021', 'Security', 'kaleb.i.cole@acme.local', NULL, true, NOW(), 0,
   'https://icaqsnveqjmzyawjdffw.supabase.co/storage/v1/object/public/Campus-Security-and-Evacuation-System/employees/employee_f9941e45-5897-405c-8ec6-8e337a5ded49_profile.jpg'),
  ('868e5428-adf6-46c2-b2cb-7f04e6f4ee0a', 'Griffin Holbert', 'EMP022', 'Engineer', 'griffin@acme.local', NULL, true, NOW(), 0,
   'https://icaqsnveqjmzyawjdffw.supabase.co/storage/v1/object/public/Campus-Security-and-Evacuation-System/employees/employee_868e5428-adf6-46c2-b2cb-7f04e6f4ee0a_profile.jpg');
 



-- Mock Verification Images and Logs (2025-04-23 10:19:25) --
INSERT INTO access_logs (employee_id, timestamp, access_granted, verification_method, session_id, verification_confidence, review_status) VALUES ('56637754-b86c-436d-80da-f2b09433ceba', '2025-04-23T04:42:25.439707', TRUE, 'BOTH', '589f712d-db65-45c1-a799-ab14b83a08b4', 0.91, 'approved');
INSERT INTO verification_images (session_id, storage_url, timestamp, processed, embedding, confidence, matched_employee_id, device_id) VALUES ('589f712d-db65-45c1-a799-ab14b83a08b4', 'https://icaqsnveqjmzyawjdffw.supabase.co/storage/v1/object/public/Campus-Security-and-Evacuation-System/verification_images/session_589f712d-db65-45c1-a799-ab14b83a08b4.png', '2025-04-23T04:42:25.439707', TRUE, NULL, 0.91, '56637754-b86c-436d-80da-f2b09433ceba', 'mock-esp32-001');
INSERT INTO access_logs (employee_id, timestamp, access_granted, verification_method, session_id, verification_confidence, review_status) VALUES ('868e5428-adf6-46c2-b2cb-7f04e6f4ee0a', '2025-04-23T01:18:30.266453', FALSE, 'FACE_ONLY_PENDING_REVIEW', '83d1d49f-852c-4180-9ab9-de95d7b60d73', NULL, 'pending');
INSERT INTO verification_images (session_id, storage_url, timestamp, processed, embedding, confidence, matched_employee_id, device_id) VALUES ('83d1d49f-852c-4180-9ab9-de95d7b60d73', 'https://icaqsnveqjmzyawjdffw.supabase.co/storage/v1/object/public/Campus-Security-and-Evacuation-System/verification_images/session_83d1d49f-852c-4180-9ab9-de95d7b60d73.png', '2025-04-23T01:18:30.266453', FALSE, NULL, NULL, '868e5428-adf6-46c2-b2cb-7f04e6f4ee0a', 'mock-esp32-001');
INSERT INTO access_logs (employee_id, timestamp, access_granted, verification_method, session_id, verification_confidence, review_status) VALUES ('f9941e45-5897-405c-8ec6-8e337a5ded49', '2025-04-22T15:07:31.386041', TRUE, 'FACE', '44a5721c-e4f4-4854-a5d3-27fe84e5c5eb', 0.96, 'approved');
INSERT INTO verification_images (session_id, storage_url, timestamp, processed, embedding, confidence, matched_employee_id, device_id) VALUES ('44a5721c-e4f4-4854-a5d3-27fe84e5c5eb', 'https://icaqsnveqjmzyawjdffw.supabase.co/storage/v1/object/public/Campus-Security-and-Evacuation-System/verification_images/session_44a5721c-e4f4-4854-a5d3-27fe84e5c5eb.png', '2025-04-22T15:07:31.386041', TRUE, NULL, 0.96, 'f9941e45-5897-405c-8ec6-8e337a5ded49', 'mock-esp32-001');
INSERT INTO access_logs (employee_id, timestamp, access_granted, verification_method, session_id, verification_confidence, review_status) VALUES ('2a9ddfb4-cb07-43f3-96c5-4ede0bf9467b', '2025-04-22T23:42:32.563346', TRUE, 'BOTH', 'df071cb7-d479-4fff-bb33-302d641ecf88', 0.99, 'approved');
INSERT INTO verification_images (session_id, storage_url, timestamp, processed, embedding, confidence, matched_employee_id, device_id) VALUES ('df071cb7-d479-4fff-bb33-302d641ecf88', 'https://icaqsnveqjmzyawjdffw.supabase.co/storage/v1/object/public/Campus-Security-and-Evacuation-System/verification_images/session_df071cb7-d479-4fff-bb33-302d641ecf88.png', '2025-04-22T23:42:32.563346', TRUE, NULL, 0.99, '2a9ddfb4-cb07-43f3-96c5-4ede0bf9467b', 'mock-esp32-001');
INSERT INTO access_logs (employee_id, timestamp, access_granted, verification_method, session_id, verification_confidence, review_status) VALUES ('841a532c-6904-45a7-b3fe-b719bf9588f1', '2025-04-23T05:20:32.974637', FALSE, 'RFID_ONLY_PENDING_REVIEW', 'c675b315-ae87-4e9b-a440-22fe2d8f3ff9', NULL, 'pending');
INSERT INTO verification_images (session_id, storage_url, timestamp, processed, embedding, confidence, matched_employee_id, device_id) VALUES ('c675b315-ae87-4e9b-a440-22fe2d8f3ff9', 'https://icaqsnveqjmzyawjdffw.supabase.co/storage/v1/object/public/Campus-Security-and-Evacuation-System/verification_images/session_c675b315-ae87-4e9b-a440-22fe2d8f3ff9.png', '2025-04-23T05:20:32.974637', FALSE, NULL, NULL, '841a532c-6904-45a7-b3fe-b719bf9588f1', 'mock-esp32-001');
INSERT INTO access_logs (employee_id, timestamp, access_granted, verification_method, session_id, verification_confidence, review_status) VALUES ('fcb7cf71-654d-4d6e-b1e8-a0d4d9f00b8f', '2025-04-22T20:32:33.730181', TRUE, 'FACE', '02fe63be-ff2d-4dea-959a-7f48fb82f0f0', 0.97, 'approved');
INSERT INTO verification_images (session_id, storage_url, timestamp, processed, embedding, confidence, matched_employee_id, device_id) VALUES ('02fe63be-ff2d-4dea-959a-7f48fb82f0f0', 'https://icaqsnveqjmzyawjdffw.supabase.co/storage/v1/object/public/Campus-Security-and-Evacuation-System/verification_images/session_02fe63be-ff2d-4dea-959a-7f48fb82f0f0.png', '2025-04-22T20:32:33.730181', TRUE, NULL, 0.97, 'fcb7cf71-654d-4d6e-b1e8-a0d4d9f00b8f', 'mock-esp32-001');





-- Auto-generated Embeddings (2025-04-24 00:36:53) --
UPDATE employees SET face_embedding = ARRAY[-1.13167691,1.49880636,-0.11181103,-0.46378762,0.67972374,1.02456689,3.71933317,-1.16388512,1.86341262,0.57045329,1.49444675,0.40175825,1.19520581,-1.34436929,0.79041958,-0.42421803,1.35931945,-1.00057006,-2.43948030,2.37071943,1.46813548,1.15102649,-1.70866966,0.66063339,-0.68156266,1.21110892,-0.22084238,-0.74753767,-1.90650249,1.89858222,1.81464052,-0.54308397,-0.09226822,-2.39468765,1.79907274,0.51267517,-0.12239721,2.74839616,3.05828929,-0.46565211,0.30980384,2.42142224,1.06739867,-2.28559113,0.35548380,-0.03832773,1.29949772,0.39538077,-0.85459906,-0.21402875,0.39019799,0.13553168,-0.44826436,-0.70507622,2.27579331,0.48668230,2.98463297,0.95954531,0.41184130,0.34843260,-0.96651059,0.02311943,0.25015295,3.22664714,-0.62754005,0.21148711,-0.70703644,0.81647277,-0.69802010,-1.79507482,-0.07677533,0.01503838,-0.71807408,1.89392483,-0.67255533,1.69308376,-0.62086362,-0.00452721,-1.64311159,0.42592090,6.12821150,0.62898475,0.33204600,-1.73533130,2.00927925,4.12396622,-1.53777933,0.15161341,0.08052216,1.50350380,3.10165215,1.79981029,-3.72265387,0.12222737,1.50446987,-0.76700759,0.45342004,0.95596278,-0.13773802,2.29260969,1.02476716,-0.94545937,0.91685301,-1.59406185,-0.89404243,1.53352904,-1.64426088,-2.01879287,0.03623780,0.09130454,1.05022430,1.19176412,2.88283634,-1.62727153,-1.31676853,-1.08547938,-1.40288174,-1.53300929,-0.69141608,-1.07945728,0.42741847,-2.70750546,0.69403815,0.59252137,1.76741731,-2.37068105,2.38551950,0.12551293,-0.78112769,1.61372960,3.47898698,1.18594944,-1.45690119,0.14144717,-1.78855979,0.64361638,1.25238395,0.18664613,1.22007191,-1.46989846,-2.32662296,0.53451520,-0.89472890,-1.24951911,-1.21964633,1.02054465,-0.07041016,-0.48515975,0.66711724,2.29597998,-1.95895088,-1.59489083,2.28290486,-1.16021645,1.36537302,0.48192391,-0.73028916,-0.06721993,-0.72936159,0.77226275,1.11930120,3.22393513,1.06121039,-0.97438347,-1.55632651,0.20487180,-0.16064160,-1.35499048,-0.15211071,0.59263438,-0.55797958,-5.00123453,-2.37357450,0.16736621,0.16367760,-4.04745102,0.45208168,-1.85840142,1.22264171,-0.59942168,1.54366410,1.74875546,2.72146702,1.29207587,-1.77813947,-1.16959667,-0.30160645,1.24952233,-1.67884266,-1.82452714,-0.73475939,2.14108729,-0.54772604,1.98031545,1.33842289,-0.89058250,0.29681730,0.89350551,-0.21139252,-1.26519942,0.40342507,-0.23243076,-1.30932307,-0.35800266,-0.59873646,-0.46983525,-0.90938365,0.18991329,3.14105511,-0.99337363,-0.28299150,-0.93831444,-0.23199593,2.23811388,-0.52027649,-2.04946208,1.22599876,-0.39843246,-1.35797191,0.32696536,1.60448790,4.26848555,1.95391154,-0.33754143,-1.71383035,-0.07941604,-1.64772606,-1.28045976,-2.79257894,3.16700649,1.56617284,-2.24268103,0.59631491,0.10676376,-3.12016845,0.16989414,-1.15492260,0.55548060,1.20109069,-0.64017546,0.16158094,3.19214392,0.56484669,-0.06639533,-0.03837505,-1.00236535,-1.42245674,0.57228714,-3.35931301,-0.29890028,1.93602395,-1.68092012,-0.53752941,0.71899039,-1.57341671,-1.28766048,-2.26559639,2.55128384,0.30867773,-0.77098948,-0.95359844,-2.28552842,0.64031899,1.29633260,-0.21266644,0.51914328,-0.93108112,-2.05514717,0.54452795,-0.23428133,-1.32309580,2.96626091,3.56805992,-2.70824122,0.08759961,0.67261314,1.95199549,1.38524115,-2.61758947,0.81269175,-0.40689531,0.93844581,0.52130955,-0.48919427,-0.48828745,0.88009322,0.37554634,1.14454556,-0.72068048,0.60670269,-1.72339511,2.33244991,0.26443508,-1.44991314,1.85908735,0.68694198,3.02191138,2.59852958,1.08737338,3.59896374,-0.17340177,0.78824645,0.45348755,1.09902501,-0.46607456,2.51913476,-0.12087926,0.09953541,0.25284767,-1.30010843,-2.23483539,-0.08671946,-1.19275892,1.14342177,0.96209991,0.10565051,0.55965954,1.09633362,0.27988341,0.08268620,-0.57469076,-1.45631099,-1.41762567,-4.19535875,0.33933792,0.39747718,-1.95427418,-2.55214643,1.27959859,-0.50815886,0.95092881,-0.28479204,0.25809821,-1.87853682,-2.28782773,-0.65994030,-1.29866540,-0.89949125,0.51336801,-0.39054406,-1.13722003,0.83747679,4.14582014,-0.17828444,-2.80016065,0.49514040,-0.68092787,0.20726328,-1.63398135,-0.87968278,0.41663530,-1.70921254,-0.57618260,3.03565001,-1.08956194,0.07583413,-0.10433575,0.94260645,2.32689500,-2.44122219,-0.70102835,-0.61147714,-0.19886900,0.21978781,-1.07581270,1.85427022,1.25660896,0.56646580,-0.30905527,-1.34908581,-0.04904017,0.91200513,-0.55257618,1.78545535,-2.21525526,1.76619697,0.09277931,2.92570162,1.00447726,0.76132381,-0.69468564,1.13174284,-1.79165161,2.62557507,2.28562689,0.60702926,-0.66650391,1.26196432,0.68967932,-1.28195179,-1.39996350,1.78849792,1.29243827,2.57170939,1.72349894,0.75485569,-2.84071374,-1.15042818,-2.52935624,-1.72120404,0.26934588,-2.71169567,-0.76210839,0.91963828,0.08879196,-0.06323177,-0.75936234,-0.63282019,-0.05863259,-0.47525504,1.96506250,3.86986732,1.18828940,0.51619458,1.18409145,-0.89301568,0.71255505,-1.81082296,-0.35197866,1.05663395,2.27027297,0.06692499,0.40668571,-0.78655428,-0.19010168,3.15713811,-1.21041238,-0.26266003,-1.81326413,-2.21550798,-2.61457849,-1.28257620,0.92261815,-0.83951259,0.82243079,1.10894752,-0.22064598,0.46204260,1.62624943,2.70589471,-3.58709764,1.68627477,0.75109184,0.26868457,-0.68435013,0.53451407,-1.03060114,-0.36100641,-1.95247805,2.55150414,1.00229692,-1.96362627,0.15698037,1.10727382,1.07808983,-0.15491480,-2.15103507,-1.22331727,1.16636252,-1.22519088,0.15667570,1.31130946,-1.59786201,-0.58937746,-1.24545062,2.03010964,0.22305326,-0.38675550,-0.17271139,-1.11599255,0.46633187,-1.27169538,-1.89373589,-0.74551558,-0.78205198,-1.82613277,0.45745641,2.55391288,0.21317238,3.06639481,-2.94479108,-1.32568312,-0.29665840,-0.41236579,-0.60356468,0.74316168,1.78176463,-2.99877167,1.55458832,-0.48450866,-0.79587799,-1.20085335,0.72070187,-2.15939665,-0.97403926,-2.56337571,1.52595341,1.48725116,-1.71219230,1.31345630,-0.20630890,0.55331612,0.77209753,0.41754028,-2.78240800,-2.34072471,-2.58378196,-2.82644439,-0.26813540,-0.92590791,-1.58645284,0.74292284] WHERE rfid_tag = 'EMP002';
UPDATE employees SET face_embedding = ARRAY[0.18325214,2.85743260,0.01832417,-0.16993120,-0.20085026,1.09064686,0.38871032,-1.50977254,-2.31423497,-2.51835728,-1.81719661,1.50572324,0.17046963,0.58558750,1.19077039,1.28634727,2.50407481,1.83976364,-1.81568146,1.03936291,-0.70361346,3.12063456,-2.37457609,2.23019004,-0.47531936,-1.01170313,-3.73057151,1.44687104,1.53052235,1.56330836,2.30050588,2.46448922,1.04552102,-0.80674857,-0.75681603,0.24056719,1.83452237,0.42709816,2.63298631,-3.43721247,1.69330919,-0.83101249,1.38645053,3.43338490,4.23287058,-1.56455314,-1.50422955,-0.56657261,-1.71919358,1.33519459,-0.35084110,1.05531263,-3.63691115,0.11380488,-0.62050140,-0.51458299,0.92188102,2.44652891,-0.99917746,0.85673571,2.84199476,-1.35415423,1.24520791,1.42300725,-0.29958451,-1.08315909,-1.41856802,-0.47760069,2.16367435,1.82612252,3.57750964,0.64807147,-0.97753727,-0.50732768,1.00438118,-3.36918092,-0.75626957,0.84228200,0.93057770,-1.74336755,0.13472827,-1.89769328,-1.17268491,-1.80084312,-0.68315476,3.38088608,-2.64611745,-1.07692444,0.44272640,-0.51379532,1.95222414,-0.24399018,0.50669646,0.61520672,-0.11621208,1.91201174,1.31036997,-0.49910831,-2.42164421,1.16715777,0.43271121,0.25493655,0.63499171,0.34222990,-1.58812904,-3.00355434,-2.15852928,2.01470423,1.87704110,0.84628296,-1.56623864,-1.14455557,1.64421093,-3.06581116,-1.00882351,1.15545905,-0.91212207,-3.08470631,-0.48481727,0.79511595,1.20351303,-1.71180344,0.28829837,-0.46021762,0.95144093,-1.70419502,0.99938154,2.29473400,-0.80306584,-0.03755145,0.03503022,-2.03418159,-2.11307764,-1.35120368,1.28727376,0.79071707,-1.28838396,-1.75697184,-3.00246215,-0.31395957,-0.19494100,2.16896486,-0.40005225,1.75096047,-1.15330839,0.04008127,1.23126936,2.05523109,1.24187016,0.29487744,1.18536997,-2.41842651,-1.52878809,-0.49675798,-0.40654379,-1.71525145,1.40075696,0.31826195,-2.35665011,1.36881435,-0.75756866,1.32497394,0.45018998,-1.28841925,-1.31258202,-0.34960410,2.68168855,-2.12861204,0.14154738,-1.97900891,0.49328759,-2.04104829,-0.08555608,-0.25282973,-1.14934349,0.70600671,-0.42225415,-1.94770181,-1.36924469,-0.45411429,-0.02251512,1.82097650,-0.82846767,3.39956641,2.08843827,1.72928536,-2.88880730,-1.11995375,0.93162125,1.47327363,-2.04775143,-1.02227986,-0.22502068,2.47644472,1.06586039,-1.34513104,-0.98810768,-0.39812148,-0.72258079,0.14289322,-3.17187977,0.23211099,-0.94741726,2.74024868,-0.83162630,-1.31715798,1.06812847,0.02941680,-1.70915461,-2.45380688,1.10131478,0.31469822,0.20305441,-1.85454571,2.74375725,-1.93821383,-0.99257767,0.64477062,-1.65785599,1.45424020,-0.57683432,-1.77438688,2.67879176,0.43836805,0.59644282,0.24242581,2.05236864,3.25956059,-0.51665896,0.86914718,-0.16319719,-2.54881716,-1.33395541,-0.39227569,-0.04183557,3.16578126,-0.39753771,-1.92540526,0.65145391,0.04249465,-0.43687883,-0.13716605,-0.94482839,1.02263927,0.11402117,-2.61549711,1.51517224,1.01599813,-1.40509892,0.97787458,-1.29058158,-2.53395605,-3.97724771,2.15996265,2.11969638,-0.24771918,2.01816773,0.58505595,-1.02372777,2.15876293,-1.24072504,0.47524804,-1.37948954,0.82053709,-0.59469676,1.09885395,-0.82404619,-1.81291342,1.11506414,-1.82324612,-1.65608990,0.68540025,1.10992432,0.74131733,-0.19521034,0.47546664,1.93117595,-1.30423522,-0.90293205,0.12471645,0.26232240,-1.24991238,2.57002544,-2.32966447,-2.13312030,-2.62736869,-0.06921213,1.70686674,-0.02437006,1.43282759,2.95504451,0.47066677,-0.18530422,0.57853490,0.40670720,-0.63541108,-2.25066161,-0.46216899,-1.74959505,1.71564233,0.54344511,2.40611696,-0.75053543,-0.83700109,2.88372827,-1.77988696,-0.40547201,0.90309912,2.76711082,-1.10783541,0.57908320,0.30880773,-1.27949572,-1.91437697,-0.34403631,0.55498940,-3.58483052,-1.65281570,-0.35585454,-3.67109370,2.25454402,1.72370040,1.82240105,2.50726628,2.25748920,1.54506147,1.51932180,-0.03204888,-0.31704763,-1.86546028,-1.80913639,-2.98060083,-1.35244119,-3.57975864,-0.13610494,-1.08088505,-3.13884020,1.17398739,1.21831405,0.41662729,-0.74805701,2.99850154,1.17471766,-0.04717173,-0.65304017,-0.24039911,0.79046249,4.55634499,-0.72141713,-2.06367540,2.00730252,-1.37214160,0.70537674,1.96079588,-1.58066523,-0.53489637,-2.40662956,-2.07646346,1.06452572,1.55339158,-0.17866543,-1.49349761,2.54237413,1.88693523,-1.34926832,-1.13471961,4.19528246,-3.58710527,-0.86536443,-1.71398222,-1.08575976,-1.43757057,0.38978603,0.97748435,1.66865337,-2.75005865,0.72115564,0.05284897,0.67637956,0.39648870,1.41715848,-2.62319160,-0.22732210,-2.00551391,1.45701659,3.54458714,-1.34428287,0.10007793,-1.19980216,1.40262663,1.78465104,-1.95965230,1.57866752,1.14061439,-0.05419162,1.25101829,0.14465116,0.26277512,-1.17252553,1.00375319,-0.56656837,-0.77059370,-1.01764822,0.47380051,-0.98329616,-0.17821260,-0.55740547,1.39313066,1.17980719,-1.13646495,-2.56100726,-1.39225662,-2.05980086,-1.06172788,2.29200745,2.04113603,-1.99780548,3.17335820,1.49016428,0.98633629,-0.98177552,-2.32169008,0.73725945,0.98593277,0.37959900,0.45305878,0.81583971,1.04308057,-1.08439016,-0.50401795,-0.59071451,-1.28967750,-0.06472880,-3.71521592,0.08593132,0.47241464,0.53295749,0.10665856,0.22103384,0.63392848,-1.86067104,1.80702567,0.31191912,-0.81475759,2.97306013,2.48133898,-1.34375083,0.00255633,0.49907297,3.85510206,0.42887101,-2.98915124,-3.05164528,0.02871527,1.54704595,-0.71834409,-0.82782769,0.24355687,-0.48249847,2.49248624,-1.12459207,2.09864187,-2.23433685,0.98086637,0.45356584,0.47112024,3.91274428,0.55433416,1.97153270,-0.47469684,-2.90634489,-1.42824471,-0.59419823,-2.07670641,3.07901645,-2.56835270,0.02105967,0.59361172,1.56392992,-0.29198614,1.72184420,-0.60901487,0.14154099,-1.48346508,-1.71850336,1.85071242,-0.32152981,0.80091381,-0.26366740,-1.30873430,-0.48957601,-2.62961793,-1.34567797,1.94951403,-1.34538054,-0.28527710,0.35697132,1.60808134,3.04891062,1.58702493,-1.29283965,-0.82283688,0.13848183,-1.69007921,-1.67907894,1.50536573,0.97024274,-2.96627545,0.20478523,0.17705870,1.44867003,-1.80013037] WHERE rfid_tag = 'EMP003';
UPDATE employees SET face_embedding = ARRAY[-0.37025928,-0.80737048,0.73888570,1.06921351,-0.62531871,-0.12301594,-1.03047132,0.40599397,3.67146564,1.55673373,0.21832867,-1.12615788,-1.10012281,0.96585011,0.50198710,-0.42001083,-1.20044601,-0.50264430,2.67780924,-0.05912060,-3.23265171,-0.67036104,-0.41758910,-1.55588400,0.43884429,0.83169043,0.84424436,0.75294274,0.86964631,0.16165310,0.07323953,-0.74468416,0.19302331,1.77673829,0.33888924,-1.12613261,-0.08297704,0.26904726,0.26834875,0.61211109,-1.01982093,-0.41797149,-1.12017441,-2.91380835,-1.41712332,0.64226949,0.08516358,-0.02204074,0.56961930,1.50035143,-1.81501460,0.61404395,1.66185248,-2.12091470,-0.14685422,0.68288201,-0.20660681,-1.22347510,-0.17906775,-0.08833779,-2.77830458,-1.15227306,-1.08122218,-0.51154006,-0.10836731,1.84130430,3.08790445,0.01806828,-1.33798480,0.31579572,0.66130722,-1.05058110,1.41012609,0.63567722,0.10356844,0.66007638,0.30541036,0.77364385,-2.94373441,-0.21898155,-0.63472998,0.10218809,1.93593764,1.65319479,0.14764264,0.84035534,0.60247368,-0.33133733,0.98417056,1.95480192,0.02038319,1.68098295,0.25462687,-1.23629904,3.16792560,1.75544930,1.24978709,1.17135620,-0.09225449,-2.50145507,-1.82078135,-0.50361425,-1.65593266,-1.27352679,1.15076113,3.09249067,-1.82909453,2.92195606,0.14004143,-0.63754344,1.42785156,-0.20014860,-0.26906410,1.77918577,-2.16268444,-2.38855457,1.37277210,0.19258931,-0.87543881,2.83473897,-0.60958630,1.02976120,0.20080337,-0.06633230,0.66343480,1.09265149,-1.10901964,-1.71280801,-0.40173319,-0.51016849,1.19504285,1.16026676,0.68860823,-0.77145165,-0.38264525,0.52978766,1.28761423,0.01982310,1.79224479,0.90869802,0.67832470,-2.49984908,1.41029787,1.06319201,-0.78754973,-1.63716054,0.14698969,2.47962308,1.19730771,0.10439165,-1.45072269,-0.84983385,0.93639451,1.17522061,0.49164391,1.33313763,0.12110992,-0.74763143,1.47601175,0.23744768,-0.17187877,-1.17991412,-1.52396250,-0.32583496,0.51513648,-0.87844205,0.00330447,-0.06607603,-1.27820325,-1.77571976,0.37796146,1.30702162,-1.74509656,0.08843558,-2.65608859,-0.46144843,-0.54885906,1.50293672,-0.45225292,0.40090081,-0.55411953,-0.68914777,1.09500110,-1.34134734,0.54790986,-0.43102917,1.33621538,1.33665097,-2.04149008,-1.05857170,0.17204121,2.23972344,-2.18837643,-0.63862336,0.38426051,-1.33401561,0.47342479,1.90442204,-0.40008277,1.02408159,1.58896685,-0.19672656,0.61302179,0.07834782,-1.52889705,-0.13415526,-0.56223470,0.21367206,-1.89745796,1.11962163,0.14721221,-1.59559584,-0.95260918,-0.56674516,1.09407640,0.38659501,-0.31194785,-3.21503258,0.50154752,0.69192499,-1.39287341,0.31873038,-0.50724226,-0.15219703,-2.27594781,0.95472008,1.42772067,0.92095006,0.24649845,1.13908565,-1.55741203,-1.84063709,1.07732368,-0.49827439,-0.74164164,-1.58652842,0.49733222,1.81134176,-0.05739221,-1.25416541,-0.20439950,-2.04420161,-0.95911241,-0.17195752,1.23123085,0.80663759,-2.05458903,-0.46902215,-3.00804973,-0.50358206,1.82300818,0.26399392,-1.36566138,0.54860842,-0.89619136,0.00422291,-0.59657067,0.90728241,0.26263106,-1.91453838,-0.29022399,0.68331933,1.50782609,-1.02943242,-1.97192729,-0.03015728,0.74346632,1.17042935,-0.20262767,-1.67129958,0.11306239,-0.37963375,-0.43465021,0.33479637,-2.06808972,-0.13859569,0.18957303,0.42409182,-2.01747561,-0.47095048,0.25143591,-0.17660995,-1.68889117,-1.13709199,0.64354789,1.30543816,-0.18424948,1.79765677,0.40643930,-1.00906801,-1.08444154,-1.94536448,1.02728558,-0.94560808,-0.52432370,0.05204958,-0.42183357,-0.97858334,0.11018180,-1.62929654,-0.30275187,1.52197754,0.27220649,0.06097328,-0.94940746,0.74514788,0.25874290,0.33955929,0.10404693,1.70796752,0.80113113,-0.24135017,-2.17784691,0.17689243,-0.44492933,1.37055337,1.75506425,1.51190913,-0.80499297,0.35500389,-3.03552604,-3.27549386,0.77266467,-0.11359886,-0.79155886,1.95893860,0.23278691,-2.78467035,1.06142521,-0.02190205,-0.71148252,0.57691741,1.68453431,-0.09546436,-0.40252161,-1.29193735,-1.27003217,-2.44171309,-0.92143649,-0.74786425,1.75626123,-1.07164168,0.22953314,1.73334229,-0.22562997,-0.15206333,0.23087183,-1.04225683,-1.48628271,3.40358162,-0.43354940,-1.52368629,-1.45927012,1.81890559,-1.94445539,0.23913135,-1.79549372,0.65911359,-0.81739664,2.34247875,1.48387897,-0.36682478,0.26364344,0.23155826,0.77664179,-0.83596671,1.78902531,-0.15355676,-1.38869321,0.53299391,-1.92868042,0.85331398,0.79321021,0.82793665,0.30772856,0.90713406,0.39080215,-1.19161665,1.24764299,-0.53043640,1.46107256,-0.37898400,0.09911226,1.05685794,-3.03332758,-0.99217707,-1.40930521,-0.32402313,-0.59061462,1.90117669,-0.97194397,1.13308108,1.55006874,3.40830541,1.73684275,2.88583755,-0.98089254,-1.13419449,0.52271873,-0.31084195,1.34942567,0.85006595,0.33402988,-0.61317641,-1.65081346,-1.52558613,2.27905321,-2.13936377,-0.17519668,-2.23553777,0.73273152,-1.46972680,1.15524304,2.45719647,0.17776595,-0.27589440,-0.57274270,-3.65434933,3.02055931,0.16682504,0.85716754,-0.96919674,-1.50144112,0.61511648,-2.22856903,0.09846237,0.48450497,-0.18870841,-1.01325297,1.06252897,0.81712240,0.94987714,0.45740658,0.40831473,-0.34911877,-0.96600407,-0.93302381,0.41488406,0.10127804,-0.98250484,2.65493011,-0.34018898,2.90452075,0.94694215,0.74935800,-3.59457445,2.52469039,-0.24606699,-0.53978884,2.25565219,0.13490956,-1.37508488,1.41041529,0.70892680,-1.38220799,-0.21722253,0.50496894,-2.57141757,-0.28969225,0.49729514,1.48115790,0.44979811,-0.40692791,0.09026381,-1.31246877,0.02113062,-1.70098782,0.60727227,-0.11352175,-1.24821341,-1.41947281,-0.47782338,1.27990639,2.10110283,-2.27116108,4.09387636,-0.12676886,1.60043430,0.77303559,0.30821803,0.36045572,1.47096598,1.07421505,-0.70255208,1.78035998,-0.98598200,-0.85747904,-0.10659701,0.13058482,-0.05385932,0.53974527,1.50132978,-0.41286486,-2.04926252,0.05378963,0.12396581,-0.08352134,-1.23712814,-0.17916127,0.07149304,-1.24353492,0.03695183,1.35448503,0.45538065,-1.15633357,-0.44821930,-0.12931895,1.41893852,-1.73644519,0.26163778,0.46454442,1.69583297] WHERE rfid_tag = 'EMP004';
UPDATE employees SET face_embedding = ARRAY[-0.43775386,1.54986775,1.98389792,1.74713564,2.41883588,2.04465580,-1.09260905,-1.39003932,0.22838750,-0.20308518,-4.33514404,-0.17188197,0.35018906,-0.39854956,2.10304427,0.98973805,-2.37516665,0.28544810,-0.53566420,-0.48370308,0.15261617,-0.98626500,-1.76462150,-0.27965263,-0.24079640,0.51040196,-0.33927125,1.21598315,-2.07881761,1.23503041,0.92002124,-0.92017812,-0.52622837,-0.70511681,-0.72821504,-0.15544201,1.59009016,2.67952538,0.74503386,0.00892089,-0.07476236,0.86470264,-0.85718995,-0.52065229,0.02167688,0.34469572,-3.19860363,0.11915544,0.94724023,0.15756248,1.59697795,-2.63362718,0.41525990,-0.90620250,-0.18276706,0.30948231,0.32701898,0.98043603,0.42205977,-2.18418956,-1.00780940,-0.14842820,-0.90025181,1.08846986,-1.82788229,-0.03193346,-0.64177829,0.10443227,-0.09124050,0.42699534,1.75616777,2.70294237,1.23463249,-0.74161071,0.46242127,-0.16137609,-1.91628778,1.60445857,0.59443122,-0.06123789,-0.82842380,-0.77144349,0.11349809,0.77941525,0.09266298,-0.27240798,-0.39467379,-1.32684708,-0.03837431,2.70814133,1.49629426,-1.21177816,2.09714913,1.72299075,-0.35513127,-1.15509856,0.96851116,-1.53998601,2.02404785,2.21179914,-0.18441458,1.35432446,0.32940310,-1.70051396,-1.00755799,1.16448486,0.37374970,-0.60973579,1.25245070,0.87684995,-2.13527203,-0.77804130,-1.85684919,2.05514121,-0.03467546,-1.53518271,-0.53038538,-0.50977403,-0.52111220,2.23628855,2.14466691,-0.97637337,2.36792517,0.39260384,-0.19163042,0.71494073,0.74253702,1.01623344,0.01673265,-0.04836676,-0.20914397,1.76778948,-0.63858092,0.62680846,-0.73225939,2.31688356,0.27318725,-0.62086272,-0.12411387,1.99247134,0.58066231,-2.30777502,0.06276318,0.74783337,1.01114273,-0.57920182,-1.61130667,1.43252194,-1.41981018,1.25580978,-2.41041613,-0.85718191,2.51408434,2.36844516,1.34871078,-1.39550686,0.33378690,0.76880890,0.05222366,0.55736363,-1.69767213,-1.98911619,0.07320097,0.30269369,0.16173422,0.28847802,-0.16089706,0.57799268,2.31795478,0.73129886,-0.05840405,1.39138174,-1.42040074,0.74638146,-0.60708380,-0.58286071,0.27119246,1.02124512,2.37408638,-0.46581587,1.12758505,0.55398363,1.29005218,-1.25065887,-0.68664724,-0.93789256,0.30623972,0.92438298,-0.12825236,-1.41870737,-2.17428708,1.08814132,0.79266667,-0.50084472,-0.28922400,0.27261090,-0.03463963,0.54046136,1.50617790,-1.99437416,-0.39602682,-2.55215549,-1.55229890,-0.79950488,-0.02744695,-1.08273852,0.16979292,0.22370785,0.21220832,-1.89520741,0.26406968,-2.24147344,-1.65491521,-1.02515352,-0.83956701,-1.55421221,-2.05717325,-2.44962716,0.28170630,0.20689848,-1.59002566,-1.69905412,-0.28133306,-1.99872160,1.86323035,-0.88556653,0.27424291,0.37536260,-1.34793389,1.24034560,-0.81228054,0.00605427,-3.07306814,-0.81002879,-2.42292786,1.78654516,-0.71491635,0.70789999,-1.55081761,1.16023350,-0.57083172,-0.84823287,-1.40887129,-2.17480230,0.74323493,-1.70983624,-2.18884921,-1.00943077,-0.93761247,-1.18950367,2.09057879,-0.67270219,0.14783265,1.63883412,1.34701538,-1.62923086,-0.61488074,-2.29915643,-1.42536533,0.50611418,-1.34396231,2.20706105,-0.29775223,-0.55048400,-2.36355448,-1.52281010,1.96691906,-1.63405812,1.34809530,-0.79815787,-0.03482031,-0.06482188,-0.67499214,2.34287596,1.01822841,-0.02958117,-0.31505233,0.82269323,-0.39698568,0.43724757,-1.36954439,1.79771841,-0.90136844,-1.72623837,0.16386288,-0.05600248,-1.14834392,-0.34310779,-1.78930318,1.88217092,-1.92699587,0.34788549,0.91392362,0.55084503,1.15218616,0.58129233,-2.40180087,0.00582848,-0.44864994,3.35224915,-3.33748150,0.76682830,-1.02253020,-1.45961702,-0.84900886,-0.38639688,-1.09429288,1.32956028,2.63846254,-1.24267638,-0.01772678,-0.21570857,-2.05469775,1.47101891,1.72907364,0.90639853,0.89356214,-0.17147186,1.02532911,-0.61224324,0.24723569,2.02488494,0.73844957,0.33499166,1.34152365,1.48803329,0.84446096,-0.49576923,-0.69823897,1.46852875,-3.06217551,-0.32360709,2.12328458,0.16695985,-1.00148201,-0.49093089,1.88390338,1.82554865,-1.62817562,1.94856882,0.29009199,3.76992440,0.35147175,1.90125096,-0.85619116,0.03212895,2.28553987,0.14465560,-1.10449052,-0.74171895,1.57348382,-2.19832993,1.97512054,0.96365255,-2.38813281,2.69855213,0.37272289,-2.02446151,-0.61421263,1.81330240,-1.51611626,3.45363259,-2.42302608,-0.11828782,-1.98113775,0.40669796,0.67864454,-0.85931742,-0.48524123,2.99550700,0.45605582,0.69673240,-0.17696156,-0.36022598,2.17095160,0.56834036,-1.94516480,-0.92639464,-0.74817824,0.44987774,3.55364823,-2.82369685,2.22008729,0.36908177,-0.02438731,1.45730901,-0.90891629,0.21651958,-0.62974119,0.76710147,0.86530101,-1.20552957,1.36097491,-1.42014933,-1.91667068,0.83969277,-0.14108172,-3.02622485,-0.39203721,2.61120272,-0.77557182,-0.06460221,0.21167877,-1.45073187,-0.27700248,-1.63594222,-0.28295404,-0.87534356,3.28359747,-1.65656281,-1.14850700,2.12409282,0.86449802,-0.64064634,1.99323273,-0.90875864,-3.11353707,2.04362702,0.87261832,0.31424299,0.78708172,-2.19762421,1.40035069,0.04858738,0.65438664,-0.50317371,-3.78104997,-0.78850830,2.64416742,-0.99026555,1.12140584,0.84826010,-3.89735270,0.76017588,-0.90288186,1.88765895,0.85185021,-0.15819524,3.85617280,-1.14299548,-0.16865057,-0.00311838,0.35868981,-0.34739465,-0.99401087,-0.88739449,0.02950603,-0.61622036,-0.01154541,1.72100437,1.00596797,-4.21644449,0.86230266,0.53449351,-1.95932639,0.85915905,-0.82193953,0.38876811,-1.34984207,-1.38795018,0.95598185,1.47652209,1.35001290,2.03268838,-1.30461287,-2.24646330,0.03559232,1.28041840,-1.38547814,0.75108534,0.41011715,-0.08700961,-1.79601145,0.03532666,-0.82081956,0.28108370,-0.34301221,-1.05782592,-1.61989605,0.33212662,-0.01661284,2.33755231,0.24220049,-0.36014411,-1.90170157,-0.65886772,0.33255506,-0.71930730,3.26954818,-0.91969478,-0.73122650,-1.65530670,-1.61385787,0.52141321,-2.01440835,0.55874777,-3.25152636,0.31550831,-1.71859169,-2.01543379,-0.25316462,-0.09485032,-2.71887112,0.85349369,1.27465808,2.50409007,-0.38260347,-0.12251133,2.54957581,0.04661528,0.96545273,-2.34038520] WHERE rfid_tag = 'EMP005';
UPDATE employees SET face_embedding = ARRAY[0.56450039,0.43885773,1.48979819,1.42678142,-0.57811749,0.89635682,0.62541938,-0.28288794,-3.58867049,-0.79620755,-1.31602645,-2.67486644,0.63384974,2.20078707,1.23856461,-2.11120725,-1.06924117,-0.36492643,-0.83346713,-0.57677031,-0.47170401,1.45899141,1.00366259,1.62996721,-2.27250338,2.16118455,-0.66031331,0.53554237,1.23442864,3.36640286,2.52668214,-1.85879970,-0.60569477,0.00661274,1.86799920,0.28175503,-0.01726821,3.36400127,1.43362904,-1.16197646,-0.94705880,-2.23434377,-0.03687077,1.15560269,1.33546829,-0.62523955,-2.35790396,1.39156961,-2.53863764,-1.44559586,0.24739580,-1.39068806,0.79491216,0.30194879,-1.27600789,0.75920159,0.13242525,-0.04845679,-0.55951601,-1.26053727,0.44382501,-0.10365213,0.28920165,1.26871407,0.04230732,-0.63948292,-0.28699806,0.08253656,-0.67627168,0.09437741,0.49388373,0.88005698,0.64579952,1.91425574,-2.33481479,1.58694148,1.71768689,0.57252336,-1.13986611,0.33854777,-2.24579549,-0.52269077,0.56557357,0.55244088,-1.73564172,-0.03489480,2.17809391,0.01029622,-1.77322519,2.88627839,-0.77871585,-1.86730564,-2.16275978,-1.34101474,0.28026822,-0.27625126,0.86537492,-0.72626472,2.50015616,-0.73932576,-1.30798638,3.69904280,-1.25569177,-1.53707004,2.63531852,-0.95609111,2.02070069,-1.61009753,-1.69818079,0.25372630,-0.10256012,-2.08241606,-0.96973705,0.00101116,-0.74092025,0.65111464,2.64320993,-0.83440125,1.71419191,3.38885522,1.31921875,1.55479860,0.39014748,1.47107077,-0.45257390,1.69170594,0.51655078,-0.53823858,-0.73461902,0.40312427,-1.28120625,0.50191361,0.09824444,-0.56567168,-1.34813690,0.01759162,1.24052727,3.26061225,0.89581674,-0.82006222,0.67635536,-0.29171452,0.74047321,1.67506886,-2.95804501,0.73977518,3.17909122,-0.78023541,-1.40309012,-0.82377684,-2.38231087,0.31116536,-0.64154303,-0.21146114,0.89949030,-1.02542472,1.28497350,-1.20054257,-2.54230094,-1.75698745,-1.29291546,0.07941391,0.69379538,0.22341536,-0.09018020,-3.03880954,3.31322241,0.58872443,-0.42634857,-0.95547497,-0.93305302,0.95809758,0.47516966,-0.58994913,1.14145195,-2.16648507,-0.87337565,3.31263232,-0.61421031,-2.02704382,-1.42387605,2.44605613,-1.79620743,-0.72861683,1.06199336,-0.20272328,0.74993014,0.40820658,-2.89057994,-1.75665677,-1.89791703,-0.77553856,0.61111361,-1.11478889,-1.66053545,-0.61197835,0.22751974,-1.06679690,0.67702961,-2.75272679,-0.76954514,0.32485858,-1.61710691,-1.64508414,0.24116966,0.79734123,0.40816382,-0.53435534,1.43299794,-0.95496845,0.66471618,-0.27398840,1.10697722,1.39070272,-0.70868272,0.17996664,0.65278226,-0.19160011,1.70497370,-0.41037476,-4.03910065,-2.48482299,-0.28369769,-0.30934921,-0.82715005,0.29925284,0.54713190,-0.73751509,-0.79211789,0.54045814,-1.11374485,-1.11168742,-1.73053801,-2.06141138,-0.26335141,0.39538577,-0.41472003,-0.15954292,0.10983045,0.92639160,-0.73712695,1.11661935,-2.63360310,0.14927319,0.20400958,0.52559078,3.53717780,-1.36202240,-1.41331851,-2.04416513,0.16510347,-1.35791183,-0.22426681,-0.32147706,1.54913962,0.31041175,1.76789141,1.04071903,-1.38652503,-0.30762789,0.33639130,-0.50318170,0.45855260,0.70129442,-1.16557932,1.28914320,1.06728661,1.10132456,-0.25119242,-0.11163736,0.05948213,-0.20788446,0.05815572,1.70452857,0.01963247,-2.16148043,-1.98612905,0.63196862,-0.27313843,0.51316887,-1.14298379,1.02202559,1.80831635,-0.86736143,0.98097020,-0.25994781,-2.22710609,0.85624957,-1.84781146,1.79721045,0.53271806,-1.81914985,0.88482517,0.41134736,-0.40978172,2.56122041,-0.54472524,0.91135985,-2.03652072,0.09577697,0.23497947,-0.49701622,-0.54618973,1.60160208,-1.72983027,-1.02533805,-0.15931851,-0.75884098,0.95808941,-0.25903311,1.99581051,-1.87506318,1.06123149,-1.60026240,0.93324560,-0.32133672,0.14140594,0.60099459,0.23102094,-0.80680543,1.03459930,-1.38109958,1.44626272,0.62074906,0.51986051,-0.66349024,0.11987829,0.90804428,3.03333998,0.18636724,-2.16382074,-0.90230781,0.42775869,-2.18212724,2.54683924,-0.56181657,1.19255102,0.26018590,-0.15884645,0.43883204,0.29497957,-1.00359726,0.99671084,1.65763128,1.46237326,-0.18754703,1.20345724,1.49298549,0.81394064,0.50756037,0.56585014,0.37818119,-1.15866232,-1.58648217,-2.65406179,-0.21186262,-0.28085718,0.56497639,1.45330524,-3.18858671,-0.31690755,0.22170480,0.38138685,-0.30231476,-0.32853428,0.25006467,0.32554701,0.12746322,0.06094426,0.10547885,-0.74468589,0.79726130,-0.27768350,-1.43941212,-0.44768801,-0.56095475,-0.79053026,0.89351016,-0.96975678,3.03581595,-0.15123880,0.62154806,-0.62172031,0.88744330,0.69673949,0.25104791,-0.51559693,0.66442263,-2.71152449,0.61585790,-2.15347528,-1.22051466,3.02139020,2.06645441,-0.13104439,1.24737811,-0.97035754,-0.09367847,-1.37230122,0.56172246,-1.37844884,-0.49689355,1.83275735,-1.37188196,-0.21343981,3.16834641,0.98748142,0.29211009,0.30311555,-0.34048283,-1.28608572,-1.20332396,0.43037048,-1.27165377,0.74776125,-0.32081977,1.02446508,0.62267286,-1.89180696,0.85769314,-2.42351723,-0.83540606,1.40246797,0.10725903,1.11974752,2.56803465,0.23525596,-0.48038289,-0.31021890,-2.81785941,-0.48625147,1.22831011,-1.43609393,2.13502479,0.37301958,-1.19828689,1.24827492,0.64980233,-0.03903210,-2.81483889,-1.44797051,2.37331653,0.92654288,-0.61058700,0.01506383,-1.35092258,0.38456887,0.55340451,0.44619334,-0.24219464,-0.15412894,-0.66813904,-1.02190244,-0.72349662,2.84459591,-1.29854178,-1.49086177,0.10318986,-0.06053349,-0.97550011,-2.29635048,-0.10917018,-1.20058870,0.64131367,0.71076763,-0.54060858,3.49023557,1.14531291,0.33538726,0.50964499,1.49522710,-2.17364669,0.05517197,-0.98838866,0.12790069,-2.71515870,-0.23047309,-1.31286645,0.62560171,-0.22817715,-0.91460341,2.06216669,-1.61467540,0.49557996,0.63712645,0.53353405,-1.45934606,1.73852396,0.38274983,-1.58392918,-1.75452590,0.98925370,-2.03891110,-1.75744009,0.26287445,-1.83145261,0.23789328,1.05063486,-1.79130399,1.24604964,-1.31275415,-0.75968361,-0.60384732,-0.74071842,-3.85033822,0.12473553,-1.25835347,-0.86345863,1.69748938,1.95319426,0.41171366,-0.42345977] WHERE rfid_tag = 'EMP006';
UPDATE employees SET face_embedding = ARRAY[2.01201487,-0.39619634,0.79482245,-0.74866194,2.32494521,1.26219738,0.58574063,-0.72435087,-3.75318003,0.08232308,-2.62356949,-1.43611634,-0.47301608,-0.47781751,-0.65216780,-1.29157639,0.95433402,-0.33101201,-0.28983641,2.44707441,-2.01962733,3.12800550,-0.45077366,0.08207489,-1.46492970,0.80982745,-0.40267485,-0.14050286,0.42394114,0.53939718,-0.67902851,-1.78646982,-1.33552265,2.71799707,0.16321391,0.48112684,1.20514405,2.04633403,-1.35469806,-2.12463784,-1.67643178,-0.29138181,-0.36327988,0.60372806,-1.98724508,-1.33107209,0.67865062,-1.84099257,1.32031333,1.18501222,-1.33931625,0.86053032,0.23474117,-0.01650953,-1.85793090,-1.79483986,-0.07692625,0.62893963,1.12556314,-1.12941241,0.37136954,0.58795702,0.92988300,-0.95382190,0.64899433,0.74867624,0.33299619,-2.31341958,-2.48508525,0.25303504,0.55517608,1.83655298,-0.35088712,1.08002067,-1.06830537,0.70866239,-1.55934525,2.57893157,1.14937484,1.11145568,-0.61890268,0.41072431,-0.13329522,-1.84384453,0.29151732,1.91951811,-0.88752234,0.40155858,0.77578664,-0.59230626,2.46727324,0.61025041,2.07999539,0.25497109,-1.93107653,0.05752270,-1.45039964,1.29794455,1.22395492,0.55939448,0.38908044,0.84702373,0.27137315,-0.36504793,-0.11274382,3.51709199,-1.96813548,2.31866765,-0.33221641,1.28866172,0.68357766,0.52021027,0.73920381,-0.24313641,1.03548181,-0.30911514,-0.16436538,1.89394832,0.98285502,-0.73976684,1.01577377,1.19125021,-0.43740430,-2.37743020,0.35636234,-0.61048692,-0.48563263,-2.05171108,1.36177492,-2.42964673,-1.64953482,2.72277808,1.71374238,0.14896475,-0.86436141,0.51259071,1.02845407,-0.41549224,0.21046028,-0.10170692,-1.55402172,-0.56702530,-0.86555523,0.29916507,0.47685170,0.41042385,0.31381446,-1.38637972,1.38571811,-0.55088109,1.20238757,0.56624639,-0.49287975,1.02600014,-0.35867035,0.92941952,-0.52316469,4.27592611,-0.80526549,-0.21309742,-0.87300646,0.43002659,-0.26104546,0.13251296,1.00904119,0.49464926,1.22387207,-0.82735807,-0.62635648,-1.45680678,0.23712850,1.03897989,0.77852142,0.32682097,-0.84383959,0.24319115,-0.03810329,-1.91418278,-1.94568908,-2.18016720,-1.44366491,-0.14484604,1.41068709,0.58301532,1.72152507,2.42905903,-0.49625915,1.61711192,0.08191434,0.85279298,-1.98245811,-0.73361635,0.01213589,0.33050948,-0.35540906,1.58083546,-3.92363358,-0.28290939,2.82843947,1.52364516,1.09319270,-3.34533310,0.45634246,-0.58592784,0.64751124,0.25643608,2.91677761,2.00306273,-2.70663500,-1.82231402,1.31989622,-2.73505139,0.76592743,-0.79483247,1.44391155,2.80751729,0.65700722,-0.16828208,-1.36930346,2.66461420,0.17054866,-0.55951822,0.04908511,-0.12366930,0.90010428,0.41624483,1.20163751,1.71834612,0.35359776,0.04413655,-0.49510095,0.90236759,0.65268302,0.24793279,0.35843721,0.80281049,1.50631249,0.97387242,-1.88503087,-0.10909239,-0.02331262,2.06427145,-0.86293972,0.96006691,-1.50521505,0.25162652,-0.53703606,0.77451402,-0.36902601,1.70522857,-0.42418578,0.83480781,-0.96478093,1.90751565,-0.93759376,-0.74452466,-1.59260094,0.73900765,1.09548199,1.02302670,-0.20565647,-0.20028229,0.54301906,0.20992887,0.60710311,0.72381425,-0.87411737,0.11540893,0.79812604,-1.29943776,-0.08713990,2.02316570,2.07119250,-2.29786134,-1.63075519,-2.16256881,0.85520566,-0.71268386,-0.52792305,-1.77859485,1.07890093,-0.15114632,0.85768598,0.32546696,-1.06474042,-1.76579189,0.78507519,1.84179354,-0.13944690,-0.50899452,0.87326229,-1.42852259,0.41123772,-0.13712177,1.88360965,1.61490536,0.86974669,-0.35422656,-0.75939500,0.83073395,-0.75199580,0.86497736,-0.53791064,1.52316439,1.36781478,2.29184651,1.79029882,-1.11334515,1.35590696,-0.91685623,0.79436409,1.65427434,0.74299562,0.91198826,0.38397756,0.75385398,1.71067035,0.70080101,0.50635660,1.60549986,-0.56587017,0.12698600,0.38633493,0.63308245,-1.52618301,-0.17916805,-0.54984069,1.00454473,0.92958033,-0.77010447,-1.04017138,0.17313372,-0.72300464,0.31342512,-0.69962186,-1.86691535,0.09810528,-0.81123668,-1.35357332,-0.45324904,0.08650881,-0.53820240,1.68976355,2.10454106,2.36701727,1.61130404,1.91725099,-1.03148389,2.59314418,0.74210024,-1.32712185,-1.08525527,1.51049852,0.94484329,0.48885146,-0.58920270,-0.62585586,1.69765317,0.19845779,-0.21213979,0.85136282,-0.66265351,-0.88755584,1.64203572,-0.49552235,1.28549778,1.28618908,0.01499037,0.80646741,0.00099670,-1.39467680,-1.74551153,-1.21088684,0.25397247,0.44735664,0.69714683,-0.51181352,2.43009186,-0.17248748,2.47580147,1.42625999,0.93545425,1.24423301,1.16967070,-0.41515005,1.72302902,2.26226687,1.36682987,-0.55508566,0.12894565,-1.60764813,0.85316241,1.26474833,0.08023448,-1.11101198,-0.83762103,1.70389569,1.03792143,-3.88093996,-1.03753698,0.08577973,0.06593068,0.92364275,0.55491388,2.44266987,1.63803720,1.00995004,1.18088353,1.78217375,-0.22079368,0.33505034,-0.38413662,0.79454917,-1.02263129,-2.70793319,2.22105408,0.08125798,-1.06843507,-0.85416496,-0.39939740,-0.18033361,2.08487964,-0.52290124,-0.67885536,-2.59358048,2.85153627,-0.09521225,-0.71621543,0.91678447,-0.89596260,0.78953677,-0.45381689,0.66738713,1.60337484,0.21783102,0.88882518,0.26737848,0.94161445,-0.24659398,0.97330827,-0.37666172,2.28593636,0.52028435,-0.81758970,-0.88723606,0.18560675,1.98829412,0.31059459,1.08683646,0.23631465,-0.71858811,-0.93987012,-2.73937893,-1.11583507,0.35259339,-0.64292663,-0.68198854,-2.70131278,-0.90444291,1.32559705,0.90611476,1.19449162,1.44109571,-0.73547769,1.41183364,0.31856528,0.40882316,0.79049242,-1.00035369,-0.79155707,0.75854582,-1.36067641,-0.55431348,-2.61024022,-0.63073754,0.00011701,0.63307780,1.80898643,0.80112314,-0.73914844,0.20485094,0.19270323,0.51429397,-1.00882387,1.72587073,-0.49802169,1.95408547,-0.63500458,1.39430046,-1.24642181,1.58193040,-0.95674640,0.20357759,1.60353732,0.88629693,1.08357775,-0.84464383,-0.55886376,0.90585679,0.71025681,-0.41492721,0.19617370,-0.90098912,-0.47702113,1.41437376,0.53399473,-1.20822692,-2.23783278,3.46866727,-1.89940095,1.65152621,-1.44425523] WHERE rfid_tag = 'EMP008';
UPDATE employees SET face_embedding = ARRAY[-1.63326716,-0.74801439,-1.42487288,2.40369558,-0.59959000,0.65166086,0.92143375,1.74425244,0.46865833,-0.71161366,-3.05770636,-0.94699878,3.94731402,1.00121760,-0.22839193,-0.65557587,0.16124515,2.36800361,0.46265599,-0.04308613,-0.88239598,3.07684326,-1.03375828,0.89807421,-1.60753119,-0.60391647,-0.79548985,2.03594565,-0.89796990,1.13555074,-1.69655883,-1.37741268,3.57712436,0.74788177,-0.26919508,0.19409969,2.00768924,-0.05306116,0.63163275,-0.82533675,-0.19225509,0.16240832,0.86501127,1.12621772,-1.63019359,1.75986636,1.12562001,-2.62944221,0.84604776,1.90054405,-2.36352777,0.80329198,-0.59148496,-1.38019896,2.29617667,0.98107588,-2.75573635,-0.56408411,-2.40027976,1.31212425,0.68940294,-1.91350079,-0.77423757,0.74078614,-0.10166427,0.51368904,-0.13901763,-0.32864606,1.57409716,2.55254006,1.73296094,0.25635368,-0.51309097,3.50834966,-0.08940826,-2.22509646,-0.41418353,2.40207434,-3.52513480,-1.59839547,-0.38458410,-0.68574691,-0.17543618,3.78607464,2.85703373,2.82351732,2.48785710,-0.19014627,0.10678068,4.18859291,-0.72449929,-0.00424365,0.26836145,0.26794291,0.86122376,1.66215312,-0.61900592,-1.42672718,0.30960527,-2.83512473,-2.14288664,-1.25197601,-0.01129140,-2.95541024,2.56144452,-1.83210814,-0.83768058,-0.27255234,-1.08125389,-0.94516128,-0.14804778,-0.78006810,-1.48948658,-3.61263633,-0.03758280,1.34320283,-0.34443986,-0.97088397,1.89141941,3.46232724,0.13400885,0.83800429,0.71401471,1.33150887,-2.34484816,0.41343850,-3.60626316,-4.65475607,-0.11765846,1.05993533,-0.35231790,-0.24643806,3.11536002,-1.37300646,2.33561897,-3.72133780,1.66517615,0.70104527,1.31758976,-0.64785075,3.36758113,-3.77229834,2.16586041,-1.67971683,0.61157578,-3.54902792,0.90456581,1.84402132,0.98735923,1.20771992,-0.52916962,-1.51244938,2.34294200,1.35414255,0.80454332,3.57731271,0.13762733,-1.15369070,-0.11270054,-1.61564648,-0.23888114,0.75379485,-0.25906029,1.41359782,2.29747343,-1.76408613,2.06546140,-0.18387569,-1.13176036,-0.79899651,-0.81703269,1.87960505,-0.35066381,-1.39492202,-1.53206468,1.75581360,-0.46339431,0.21873243,-2.45376992,-1.51007581,-1.15487957,-1.29590881,1.40500665,-0.33772343,-2.34195757,-1.63704455,-1.04910111,-0.06793563,-1.52051616,-2.52092981,-2.90259695,1.21793699,-1.67592466,2.03302217,3.02790928,-2.25074649,-0.01110877,0.47045344,4.26020908,-0.04394956,1.19908738,-0.26747540,1.65226054,0.64580607,0.32717460,0.81367630,-2.81426239,-0.34540474,-0.21195576,0.32381880,-1.34800446,-1.56096184,0.86220795,0.27475402,0.75786853,-1.46564806,0.09751366,-1.06200337,-1.41213810,1.73658872,-2.47886658,-0.90168232,-0.16579750,-3.32999182,-0.84005266,2.67153049,2.03809977,2.71605682,-0.48122472,-0.67618686,-0.43885404,0.69081324,2.41701674,-2.53620267,0.72772384,-0.58117932,-0.20107323,0.61053193,-3.07310748,2.18823719,1.07219863,-1.60898769,-2.00335121,0.34830377,2.32926774,-0.39046961,0.26906890,-3.58520460,-2.22589850,-1.99457026,1.47118902,-1.64341927,-3.72318816,1.17128074,0.12770952,-0.55462193,2.48467088,0.32789782,-2.15940166,-0.92477149,-2.48898935,-2.15267181,3.95945525,-2.47571015,0.08286134,-0.69975585,0.56154126,0.57270342,-0.61213899,-0.10428108,2.57392907,0.92208046,-3.12129879,1.37911201,0.40121055,1.63501513,0.26705506,-2.21556759,-1.43002176,-1.00979972,-0.06878309,0.58345932,1.22449303,-2.12452602,0.19232088,0.70217979,-2.27406001,1.74572909,-1.75146115,-0.26671827,-2.42152643,1.34784758,0.66452271,-1.77160203,0.70031238,0.31644845,2.55497074,-1.31139767,-0.58711141,-0.04495833,1.50128746,1.23460305,-2.26553392,0.23355229,-0.28565276,-0.06257641,1.63787735,-1.04317069,1.74497402,0.05621161,2.97595763,5.15975761,2.63812351,-2.16809130,0.21113981,-0.10489334,-2.98934436,2.81637073,1.98769915,-0.96301925,-1.60445583,-3.38770723,0.22955249,2.56023192,0.00611696,1.70217550,-0.35913152,-2.69309282,2.56709480,-1.43169165,-2.70607352,0.38156691,3.46780467,-2.33685946,1.41681933,-0.90765226,0.93379676,-0.30380571,-0.37981176,1.72204268,0.90383506,0.60178816,-1.97064567,0.82594883,2.00278735,1.68803895,0.62225765,2.97301030,-0.10791332,0.01399592,0.12695859,-1.30114841,-0.31164181,1.80077791,-0.61849749,-1.33166945,-1.99336064,1.47113895,2.88347340,-2.26639223,1.54853976,-1.24485922,-2.98565197,0.92255104,-1.04047263,1.81601357,0.45068619,-0.51072353,-0.32832667,-2.85876131,0.32380295,1.02775526,-1.00099146,3.32283425,1.05903792,0.59835511,2.82412338,-0.59935880,-0.09038919,4.69998026,-1.61965835,-1.42743278,1.27553225,0.48025510,-2.02867389,-1.39616275,-0.57243335,-2.08610892,1.26556897,1.36738360,-0.46991959,-3.28225064,4.28624010,0.18633299,0.41354471,0.79798478,0.43826914,-0.60482430,1.13304675,1.04520071,0.92643714,1.97912085,4.34611511,-1.45329130,-0.06528158,0.58753937,0.49591109,-0.63541973,0.10515128,-1.54353428,-1.04267454,-0.76195115,2.87131047,1.29025376,2.13319588,1.79829121,1.20612621,0.78794825,1.10032594,2.02373576,0.25613797,2.08729005,0.74687570,-0.31359252,0.89032394,0.81501257,2.10261679,1.53635442,-1.85506558,0.56426322,2.12874222,0.87164754,-3.06463742,1.54406345,0.19062312,-0.48988798,-0.64181024,4.08892727,1.22708058,0.21618950,2.38220167,3.23650551,2.23107958,0.48420551,0.52976549,1.69073033,2.21161675,2.17330265,0.94469798,2.34921694,1.82419920,-1.22293961,1.05374777,0.50226885,-1.12421274,-1.91730547,-1.64694941,-2.80970883,0.52361852,2.32428265,1.16389740,1.45595098,-0.65911108,0.20998406,-0.13974643,0.16041468,0.89064151,3.10745382,1.69941032,-1.47512460,-1.17584908,2.05579925,-0.18246631,0.77928072,-1.52291298,0.82422525,-1.41692042,3.26702332,0.11945055,-1.93270147,1.96260059,0.69129968,-0.46829012,-2.21203375,2.37438560,-0.28727019,1.01317489,-1.78401911,-2.70896506,-2.95113564,2.99689937,-0.33578554,-1.62059760,-0.16607137,-0.09767193,1.58015740,1.78063834,1.55783665,2.47877765,0.56100661,-0.71433097,1.90344965,1.31916511,1.34521258,2.07502770,0.80682158,-2.79153657,1.51481354,-0.61915052,-1.39615273,-0.18268827,2.05297565] WHERE rfid_tag = 'EMP009';
UPDATE employees SET face_embedding = ARRAY[-0.57988781,-2.44655848,-0.86390030,-1.51976657,-0.53178942,1.05692029,0.70532155,0.67164814,0.48513094,2.05252910,0.20559609,2.07314897,3.52755237,0.47931436,-2.86996627,-3.09410405,-0.48671880,0.46677190,-0.89436573,-0.76105672,-1.10530758,1.92268658,2.09622335,1.70730984,2.16479564,-0.47681770,-0.56083834,2.70112920,2.04667377,-0.06943472,0.08337439,-0.44276547,0.92442858,0.45467901,0.95124078,-1.21520495,0.57144463,1.18722701,-1.41149795,-2.35822082,-2.41679049,-0.35044912,1.52199817,0.51103967,-1.18665314,-1.23221254,3.00939512,-1.15922594,-0.14392762,1.61497712,2.58937788,0.23901969,-0.18866828,-1.30076802,-1.92435360,0.46434850,0.87301224,-0.58260316,0.13109867,0.93799269,-0.74888289,-1.30132663,-0.78831035,1.50817919,-0.16937287,-0.27061737,-0.94571358,-2.75026751,1.73738658,2.89124894,2.17287469,0.80614597,-0.00289790,0.51466268,-2.28638816,-0.22693437,-1.76719856,2.79712319,-0.39796937,-2.75212431,3.04522204,-1.60401797,-0.64396137,-0.72835046,0.16436657,2.46232891,0.03451812,-0.85042167,1.34640932,1.10340500,-1.23262131,0.13754344,2.13311696,1.47771835,-0.26184717,2.30691004,-1.22517645,-2.37306046,-0.76345468,1.06753945,1.70248556,-0.98064500,0.40259987,-1.73593795,-0.71223724,-2.00397325,-0.49451175,2.09195900,-1.37050402,2.07192779,1.31444144,0.01511483,2.28419304,-0.07279895,2.06458974,-0.23442768,0.36204538,-0.56957161,-1.97574687,-0.29107109,0.39625579,-2.79039931,0.41788417,0.32755283,-0.63720095,0.45132902,-1.30168962,-2.07307839,-1.71801519,-1.74200177,-2.41365051,-0.13459897,-0.44936612,-0.15990715,0.82016844,0.89029300,2.44563413,0.94831568,-1.55524778,1.30568373,-2.01858497,-2.11332774,-0.34033185,0.02418205,-0.18561684,-0.07882597,-0.47280180,1.70085120,3.05851054,4.17181921,-0.56890643,-2.47597170,1.85414159,0.85778475,-0.41304556,-1.03964627,0.99678874,1.07539332,1.42980623,1.75438309,-2.08638716,-0.96163970,-0.37926468,-0.39760730,-0.85928047,0.49515155,-1.02702391,3.37764382,2.14821839,-0.72562706,2.97026682,0.99024415,-1.38503945,0.32657355,1.94900405,0.47904718,0.78457826,1.03874660,-0.78893280,-2.03041744,3.01745152,3.07646942,1.75997901,-0.38695502,-0.85459745,0.70554191,-3.13135242,-1.16108990,-0.21795091,0.33014053,-0.69131720,-0.76474196,-0.02973228,-1.00945866,-1.26088381,-1.30717254,0.39994597,-1.33963406,0.94016331,1.21499300,1.45542634,-0.55223036,0.76528823,-0.75034994,1.13424039,-0.07164861,0.70741814,2.12912607,-0.84603518,-1.39565825,2.70015383,-2.97829342,1.64617467,-2.66635108,1.22418439,-0.94455636,0.67035037,-2.24565077,0.61818516,-1.71390080,-1.17233336,-0.91508371,0.09439227,0.15954027,1.13227808,0.17763928,5.31157589,-0.93905884,-0.68706793,-1.57495189,-0.99226427,3.74681807,-0.84879029,0.64647210,-1.93384492,0.78241575,-0.26009616,-1.17147899,-1.10998130,3.75480151,-0.43498200,1.09625065,1.11763501,-0.29863602,-3.40932584,0.71171737,-1.17914140,0.01669429,0.84786141,2.24144673,0.95632416,-0.87924975,1.52465081,0.70650321,0.31994307,-0.71405816,0.26907530,-1.46396625,0.94239271,0.10443695,-1.66604006,-1.14582491,1.47282290,2.82794333,-0.90162539,-0.56500757,-0.75067174,-1.95720685,0.03536350,0.74026275,0.12622884,1.84635162,0.14906338,1.56364810,1.28071105,-1.49125624,0.78053385,0.03405161,1.18659532,-0.52994359,0.90595257,1.08592772,0.42771700,-3.44632101,-1.29517603,-0.88902587,-1.96830726,2.49767971,1.04237378,-0.74905026,0.52074969,0.07841674,3.42717910,1.12514687,3.72490859,1.26829672,1.60505188,-0.08613334,-1.92853415,0.61894548,-4.57321358,-0.67085439,-1.36653686,-0.50271595,-1.79163241,3.60796881,-1.38281143,0.36301336,1.09362781,0.18327931,2.43244433,-2.10474253,0.99731290,0.89599550,0.42016223,1.34533489,0.01431469,-0.51331365,0.49498188,1.56930411,1.32913375,-0.30483994,0.48661318,2.07867789,2.92291880,1.46128070,-2.32107425,-1.51467478,-0.36355069,1.02036834,-1.48345470,-0.18165109,0.32558882,0.14547507,0.98349303,0.85828716,0.22495301,0.74992168,-1.33742082,-0.85318565,2.27108741,2.97903872,1.67133737,-0.32566315,0.69153702,-0.20462923,0.06008539,1.32438099,0.55325538,1.13268256,-1.14668655,-1.09359169,-0.32655543,-0.73536026,-1.23365915,-0.85723341,0.09412504,1.55165970,0.23156177,-1.46571124,0.54070592,1.33103061,0.10744293,2.40008521,-0.22551660,-0.90449673,0.83549559,0.72906250,-2.54047513,1.26344037,0.23702741,-0.76205802,0.17950040,0.99144340,0.60034043,-0.87176144,-0.38084102,-0.09997433,-0.27063152,-0.39023244,-0.26218730,1.85283625,-1.23138976,3.89991093,-0.10567430,2.08591914,0.91758299,-0.34358793,2.13041115,2.44937801,0.87764120,-0.37149259,3.32379675,-0.90085304,-1.11413503,-0.96973079,1.34902096,-1.96991789,-0.24621826,1.93842733,0.88143432,-0.85837185,0.08835883,-0.35307658,2.23041558,2.05196118,0.18436532,-0.46556717,0.92203909,3.34372854,-1.10697854,0.06179884,1.98618007,0.76701176,2.43340063,1.20046353,-1.11658251,-0.29056817,-0.32829502,1.20425522,1.33408356,0.26325497,0.07206348,-0.80941731,-1.56645977,5.47931719,0.91880351,-0.11744596,-1.63518965,-2.48601151,0.60933560,0.38434824,-2.78054118,-0.61834347,-2.00551152,3.17626977,0.70804733,1.37077260,-0.16500443,-1.40510464,0.74320060,0.24138695,-3.44125104,-0.54750240,-1.81975174,-0.42605069,0.58334714,0.48175111,0.67503965,2.21970439,-1.33537340,0.32176226,0.49631125,-0.55745643,-0.72759444,0.47628331,-0.50308496,1.06891811,-1.63799024,2.93457103,0.28185242,2.46358299,0.80259395,0.75956464,2.22991014,0.36250710,-1.25288284,3.49102807,-0.44321948,0.22960050,-1.60413647,2.34966302,1.00926030,0.60172564,0.59823823,2.31895113,1.37419820,0.15522897,1.80360997,-1.55378175,0.64957744,2.42260480,0.81081498,0.89807975,0.64281756,-2.30136609,-1.42722714,-0.97624856,-1.71653163,-1.15758801,1.51916361,-1.16083109,-1.78638434,1.32796466,-0.91085368,0.10321896,-1.37958550,-0.89931726,2.92870593,-2.81263447,-2.57318687,-1.17485559,-1.71172023,-2.14515448,-0.79701412,0.80619097,-0.30264890,0.30153403,0.90971798,-2.43390179,2.17368293,-0.07239093] WHERE rfid_tag = 'EMP020';
UPDATE employees SET face_embedding = ARRAY[-1.38234425,1.84310806,1.95959735,-0.77071053,1.72682858,-0.23837024,1.25370705,-0.06068299,0.82727295,-0.59765166,-1.74193597,-0.53348213,-0.20704997,0.14189757,0.73877907,1.01741850,-0.61106247,1.71949577,-1.10895395,1.89164793,0.40784341,-0.94637960,-1.21619582,-0.99480373,-0.05560286,0.87912607,1.29893184,-1.97912300,-2.89161921,2.13337898,0.73277265,-2.83029270,1.02312064,-0.01599508,0.64463586,0.14995593,-1.05126810,1.79144216,3.23774242,-1.11465478,0.21805935,-0.26089641,1.52836287,-1.23159122,-0.50390643,-1.40243495,-2.53875709,0.91577816,-0.22117864,-1.17792833,-0.11091039,0.96229696,-0.13751721,-2.07200837,-0.33523482,0.13689294,1.29527009,-0.91124219,-2.37037921,-0.35076404,-0.24654675,-0.45718962,0.81588405,0.70160091,0.16533068,-2.65460491,-0.19943675,1.42049503,-0.76466203,-0.20235306,-0.56740475,-0.89731383,-0.88999671,2.01584864,-0.34467065,2.86686492,0.19153048,-0.54436070,-1.06737518,1.18643868,2.10742450,0.61913812,-1.13146007,0.70890772,0.77771783,-0.05454514,0.59996676,0.10708730,1.24256110,2.76120591,1.96822965,-0.02691345,2.27126622,-1.04087090,-0.48118636,1.17418253,1.21436000,1.87681723,-0.40078691,1.88397515,-1.22453380,-0.42032626,1.70639539,-1.48530245,-0.63815951,-1.02126932,-0.76971960,-0.47004586,-1.37059093,-0.87209582,-0.04656877,2.11580944,-0.24235424,-0.10986816,-1.24771774,-0.94016767,2.57453084,0.03905914,0.93425447,-0.17181997,0.93723112,1.14463735,1.13934588,0.93986684,1.28242803,0.13607532,0.13635844,2.55390453,-1.72349012,-0.08409108,-2.15581346,2.26803756,0.82726079,-0.64049011,0.13171458,-0.23672327,0.48314187,-1.47994471,1.55254543,-1.00359166,-0.98008120,-0.84440315,-0.77191669,0.81061041,-0.47416580,0.67001486,-1.08392727,-0.76278257,-1.50133169,1.38213956,-0.92386454,0.11913961,1.19127798,0.06354880,0.82811403,0.92838365,-1.04076636,-0.16332854,-2.56353760,-1.00751042,-0.15642661,0.46859786,-0.83432537,-0.45011193,-1.11635244,2.96418810,0.70257068,-0.86142731,-0.37746754,-0.77016705,1.66897368,2.10517859,-2.30592442,0.23223731,0.17870772,-1.20756102,-1.38633668,1.07646608,2.78036904,1.92696500,0.12594126,0.87677890,3.55582023,-0.06171902,-1.48241246,-0.82056522,0.01333543,1.72962224,0.49554268,-1.30684447,-1.38777041,0.47703996,-1.95969045,-0.05741379,0.42581481,-1.63715196,1.55989957,1.11577308,1.55852664,0.19358374,0.02924129,-0.85347009,0.91350299,1.07447863,-0.23471467,-0.42428997,-0.33197519,0.33561519,1.99833798,0.09360652,0.80993778,0.21647649,0.48545477,1.28503788,-1.96672642,-2.00430655,0.99083608,-0.67203683,0.99739152,-0.00121940,0.25005522,-0.90059209,1.09671342,-2.97338533,-1.89972293,-0.23656045,-0.85324746,-1.89946449,-0.85892850,1.46082067,0.01505126,-0.45832267,-0.33488962,-2.63647938,-0.02275312,-1.19210005,-0.38630399,2.60422850,1.18674731,0.94836408,1.42473269,0.35857242,0.24319805,0.51197684,0.72782105,0.40455851,0.59248972,-1.08959460,-0.51464254,-1.33477950,0.63901109,-0.02650292,0.89815766,1.58203328,-1.32567370,0.96804911,-0.28351289,1.13309240,-2.26647329,1.52932119,1.87808561,1.39735258,-0.08744500,-1.30132890,-0.81126767,0.69818175,-1.42373097,1.05714512,-0.86157912,-1.25448740,-0.90335113,2.30754280,1.46780932,0.50398147,-2.45584273,-1.13661611,0.69758034,-0.70975536,-2.91536236,0.06291631,1.03632081,-1.95300376,0.51574969,0.90583253,0.40915614,-0.34427136,0.27137491,0.86237139,-0.42754310,-1.17269528,-2.29660010,1.22544777,-0.31369737,0.84362000,0.46350691,-0.32435569,1.35858238,0.95902246,-0.31879127,1.07010603,0.62385458,0.24633959,-3.03877068,1.48049891,-1.28845429,1.89603806,2.41242981,0.17396677,0.84544498,0.16939551,-1.44987285,1.58262849,-1.08876801,0.53241241,1.29238331,-1.04689407,-1.46734369,-0.18276662,1.71680522,0.62321591,-0.38252684,1.44617450,1.66651762,-1.23552573,1.99259973,1.09992039,0.80610532,-0.01914018,0.07888678,0.19884883,0.12486000,1.24528527,0.60788476,0.91682720,-1.26455486,-0.86030138,1.22435868,0.25239497,-0.29571074,0.32486951,-1.03564286,-1.25716460,-0.02399834,-0.27305174,1.85786211,0.89054888,2.90699267,-0.34200120,-0.80945933,-1.85663319,-0.70193130,0.44149548,0.98556727,1.40003312,-1.93010736,2.01528597,0.17217316,2.28003883,-0.62630600,-0.66600931,-1.34234416,-1.18105412,-0.06443920,-2.77238417,-0.01863793,1.67176020,2.04834509,0.57811999,1.71786880,-1.72732902,-0.76335502,0.86234879,-2.11740041,0.54176515,2.37663364,-1.04637897,2.08178282,-1.25749886,2.24888754,2.09617901,0.50335735,-0.57131588,0.93656588,2.42821980,0.56830770,0.24151318,0.55287278,0.36812624,1.12903166,-0.51682943,-1.63470554,-0.36935249,3.44542027,-0.97351736,0.04638269,-0.41271830,-1.93019545,0.68529963,0.17906387,0.74029368,-2.12626123,-0.47137749,-1.04834998,-1.60762048,0.80693370,0.88752484,2.31098747,1.73817074,0.50045568,-1.55433095,-0.13612780,0.46738800,2.06670117,2.03571248,0.38702443,0.01597885,-0.08513297,-1.02020586,-1.38335466,0.42401120,1.14302158,1.65722549,0.97064787,-1.43097579,0.91737360,0.33976278,-0.07829092,0.38278154,1.72632289,-2.31561255,1.73664451,0.67432928,0.22838916,1.52209890,0.73757350,0.95264775,-0.38796771,1.26387215,0.55613840,-0.70938188,-1.95716405,0.64419430,-0.19741353,0.89214098,0.51685101,-1.34166026,-0.57156038,-0.77664191,-2.37636542,-0.32022652,-0.76537174,-1.74940944,-0.78062034,-0.29741773,-1.93970346,-0.02616635,-1.25732136,-0.41497460,-0.01500698,-3.80125117,0.69922477,-1.15795970,-0.20978960,-0.17712548,1.12417591,1.22848797,2.85375834,-1.20160067,-1.41561294,1.89606380,0.64881372,-2.26054549,-1.27459717,-0.65214241,0.23444164,-2.69534898,0.12133832,0.65898031,-0.09584276,1.41595018,-1.22640526,0.94698524,0.58549565,-0.51938611,0.08204433,0.63678896,1.14172959,0.70323271,1.73988533,-0.86267197,-0.21974912,-0.33452973,0.89951938,-0.46765554,-0.45522681,-1.11950529,-2.35846615,2.34752297,-0.49345067,-0.04082703,2.84984756,1.21030080,-0.52247649,-0.30478173,1.68613279,0.24238099,1.21778464,0.63601917,-1.81312191,-0.81803346,1.55556381,0.93627697] WHERE rfid_tag = 'EMP021';
UPDATE employees SET face_embedding = ARRAY[-1.00350451,1.07363212,1.65189493,-1.60422945,0.37080371,-0.30763346,1.28613234,1.00415087,-0.17317414,-1.62644827,-0.04504264,0.47523054,-0.57367492,0.01263095,-1.31470180,1.96586967,0.24793917,-1.33061218,-1.05502641,-0.21154471,-0.18229112,-0.03266685,0.13841929,0.18939346,0.61486894,0.80019993,1.37762022,-0.74324268,-1.30673754,1.01682591,-1.07155418,0.68148816,1.74223518,1.89021909,-0.23905227,-1.12432396,0.19215067,1.64445210,-0.74125165,-1.10263896,0.61731291,0.25712809,-1.01308751,-0.35177577,-1.25094211,0.65257007,1.10263932,-0.32684937,-0.84135157,0.48847547,-0.04326763,2.72091722,-2.58747125,-0.46488190,0.09617110,1.34831536,1.47833967,1.67523515,-1.01325178,-1.96327639,0.98392344,2.08286953,2.55051470,0.15652400,-2.96267486,-1.06753397,0.84821618,-2.29719591,-1.02315378,-1.34258950,0.65106648,-0.33427718,3.40602612,-0.08280357,-0.47702724,-1.06761765,-0.88408190,-0.30800498,-0.68781495,2.83078480,-0.22563876,-0.18093674,-0.11755583,0.99737597,-0.06459984,0.94916803,-2.14675760,1.58103871,1.44948018,2.31160402,-0.35984105,-0.36119285,1.25684488,-0.39991686,0.00174455,-0.44736099,0.63849795,1.71510172,1.32360053,0.35141242,-1.30598998,0.93914306,2.09446287,-0.38554731,-1.25534797,1.40411985,-2.06702089,0.59810656,-2.08266044,0.39822221,-1.16007781,0.63416731,-2.24875093,-0.86510015,0.09225608,-1.15919614,0.77165550,-0.83889973,0.59053969,-1.83250415,-0.39871746,2.24633551,-0.12373967,-2.89539552,-1.73875535,-1.61991036,-3.25937486,-1.20558476,1.22662318,-1.26958895,0.38571697,0.71203154,-0.74136245,0.80974638,-2.07489634,-0.68143082,-0.19317542,2.18750572,1.30473268,-1.05112982,-0.78498447,2.25712371,-1.49208236,1.43091774,0.79471278,-0.16094142,1.36637902,-0.88752079,-0.79328078,0.61943585,-1.22954559,-0.10406628,0.37439173,0.54768091,0.70492643,-0.74396229,-0.97042960,-0.75784141,-0.66306496,-0.47606751,-2.97365499,2.23227453,0.12212037,-0.69610059,-0.87153417,0.32134137,0.24009228,0.64346546,-0.60588646,-1.53926659,-1.29090273,-0.06401169,-0.62139446,2.18934464,-0.49903381,-1.36001086,-0.35261163,-1.33909726,-0.64427608,-0.05713337,1.66165769,0.72033995,-0.38617018,-0.52894908,0.40093830,0.36435840,1.19892073,-1.41067612,0.77561224,0.21615915,-1.84501183,0.24062656,-0.83083850,1.51739240,2.91664720,0.41673583,1.74731636,0.66605711,1.00187171,-1.17593062,-0.43926719,-0.74936670,-0.05675057,-0.14305177,1.39436018,1.32667661,0.58400321,1.15978765,0.74260908,-0.89519566,0.22808452,1.16267025,-0.04596712,0.48787037,0.30096811,-0.08092514,-1.28808618,-0.65663666,-2.56347299,1.65400755,-1.05983627,-0.88931769,-0.17632619,-0.93776995,-1.17141128,-0.35583016,0.65231484,0.38887045,0.57797551,3.39075828,-0.35910705,-0.97522044,-2.94681764,-1.31608140,0.75772327,1.26840007,-0.38870102,-0.09833252,1.84905481,-0.24874157,-0.28926697,0.30264840,-3.02278304,-0.60629541,0.06485571,0.02228085,0.35685518,0.25949782,0.87944996,-0.92245513,0.19774103,-0.06656840,0.39072067,2.13325644,-0.03163598,0.09565620,0.58986086,-1.74150467,-1.88495743,-2.38876891,-0.09153540,-2.41775489,-1.20729136,2.46942902,0.57198620,-1.12235093,-1.62036109,1.13229561,0.04717193,1.88500357,-1.45841432,0.48805636,-0.15302129,-0.31916660,0.28055349,-2.01459432,0.79691344,-2.12928915,1.60974967,-0.03451956,-0.53117901,-0.00922382,-0.45400673,-1.39525521,-0.29264253,-0.01940797,2.70524478,2.55592394,-0.41992825,0.74889696,1.77956820,0.02719479,-0.77121997,-0.23986503,1.44022620,-0.25257879,1.11642873,1.04107368,-0.30280682,0.92874169,2.46476030,1.43453383,0.29225016,0.68899512,-1.43939674,-0.39594176,0.39953074,0.06440814,0.47807372,1.13474965,1.19539547,0.03605487,1.81020367,2.51589680,-0.26331562,0.75763750,-1.69263375,1.22291160,2.11760902,-3.42922688,-0.96324861,1.03496730,1.14343154,0.13080204,-1.23351252,-1.12514448,0.27953711,-0.06147826,1.27237475,0.36995441,0.26022103,2.20622587,1.28036511,-2.00832248,0.46631470,1.03730047,1.48028791,1.13808358,-0.37896925,-0.35061961,-1.03609765,0.94632322,-1.39102244,-1.03799558,2.71564579,-0.47786707,0.84878320,0.13113068,-0.11447138,1.69770813,1.18787074,1.00876498,-0.80019581,3.39795995,0.31515586,0.93365097,-0.86384463,-0.40302804,-1.66396523,-1.31507087,-0.78671956,-0.98957664,-0.56099933,-3.85396004,-1.30474019,1.88183498,2.58302617,0.11091521,-0.84029084,-2.43423486,0.51604319,-0.63306999,0.99215519,0.35515732,-1.62836993,0.95637709,0.43035451,1.29266298,1.48906660,-0.46641505,1.00152910,0.18315354,-3.20522857,0.98597819,1.40364218,-0.04414587,0.27031142,2.05990577,-1.16089582,0.97553372,-0.12575185,1.36726344,2.75072908,0.33143026,0.79676318,-2.09414911,-3.82832789,2.00308514,-1.07822168,-1.71991074,-1.73118341,-0.87429678,-0.22348458,0.27737015,1.05841625,-0.42138970,-1.29105043,1.43992209,-1.16281235,-1.52998221,1.11544085,-0.28445557,0.95917314,0.65195918,0.13699937,-0.55370528,0.06720607,-0.61312538,-0.92849934,-1.18272281,0.74330312,-0.17781438,1.58252823,-0.82493222,-2.84157586,3.50091553,-0.47805175,-0.19899713,-0.27489340,-0.81612980,0.48180330,1.32305467,-0.45873708,-0.41175032,1.75483966,3.03797436,1.05167019,0.64915496,-0.85378784,0.65822625,-0.92922020,2.49372292,-1.36438143,0.65700829,0.27293885,1.41581368,0.49547994,1.73285019,-2.89963174,-0.04061950,-1.44188023,-1.97527528,-0.04607684,-0.44124094,2.51989794,-1.53761590,0.43615681,-3.07148838,-2.51927638,-0.05044302,-1.40410888,0.87161779,0.34032220,1.34117031,1.24102437,0.94384325,-1.28761554,-0.44828770,0.62401503,-0.28218073,0.26586470,-1.27487099,-0.10264665,-0.06638608,0.39106515,-0.71789730,2.16428685,-1.33707380,0.67545432,1.59542036,-0.24754541,1.38443601,0.12613127,0.07895038,2.69708061,1.49765325,1.94083273,0.91078764,0.06009956,-0.90771854,0.83209348,-2.85958648,0.03927931,-0.24161513,-1.06533194,0.10019927,-0.79389805,1.09279358,-1.11108065,-0.96209663,2.15740895,-0.58575875,1.70031047,1.58542895,-1.19800198,0.69855905,-0.63152504,-0.36536011,-0.30939749,-0.85098422,1.05890191,0.75319636] WHERE rfid_tag = 'EMP022';
-- End Auto-generated Embeddings --
