-- Clear existing data
TRUNCATE TABLE verification_images CASCADE;
TRUNCATE TABLE access_logs CASCADE;
TRUNCATE TABLE notification_history CASCADE;
TRUNCATE TABLE employees CASCADE;

-- Insert employee data with standardized RFID tags and roles
INSERT INTO employees (id, name, rfid_tag, role, email, face_embedding, active, last_verified, verification_count, photo_url)
VALUES
  ('296c37de-8dbb-4479-a12a-90f59a91a54b', 'Sebastian Galvez', 'EMP002', 'Security Officer', 'sebastian.galvez@acme.local', NULL, true, NOW(), 0,
   'https://icaqsnveqjmzyawjdffw.supabase.co/storage/v1/object/public/Campus-Security-and-Evacuation-System/employees/employee_296c37de-8dbb-4479-a12a-90f59a91a54b_profile_1745411696.jpg'),
  ('841a532c-6904-45a7-b3fe-b719bf9588f1', 'Luke Reynolds', 'EMP003', 'Security Officer', 'luke.reynolds@acme.local', NULL, true, NOW(), 1,
   'https://icaqsnveqjmzyawjdffw.supabase.co/storage/v1/object/public/Campus-Security-and-Evacuation-System/employees/employee_841a532c-6904-45a7-b3fe-b719bf9588f1_profile_1745411327.jpg'),
  ('56637754-b86c-436d-80da-f2b09433ceba', 'Anthony Hailey', 'EMP004', 'Administrator', 'anthony.hailey@acme.local', NULL, true, NOW(), 2,
   'https://icaqsnveqjmzyawjdffw.supabase.co/storage/v1/object/public/Campus-Security-and-Evacuation-System/employees/employee_56637754-b86c-436d-80da-f2b09433ceba_profile_1745411012.jpg'),
  ('57f478ed-d79d-4874-b255-327f1868db88', 'Dakota Dietz', 'EMP005', 'Security Officer', 'dakota.dietz@acme.local', NULL, true, NOW(), 3,
   'https://icaqsnveqjmzyawjdffw.supabase.co/storage/v1/object/public/Campus-Security-and-Evacuation-System/employees/employee_57f478ed-d79d-4874-b255-327f1868db88_profile_1745411126.jpg'),
  ('efd6d697-9c09-446e-b486-3441f25040fc', 'Manuel Fermento', 'EMP006', 'Administrator', 'manuel.fermento@acme.local', NULL, true, NOW(), 0,
   'https://icaqsnveqjmzyawjdffw.supabase.co/storage/v1/object/public/Campus-Security-and-Evacuation-System/employees/employee_efd6d697-9c09-446e-b486-3441f25040fc_profile_1745411618.jpg'),
  ('e9d1edfd-c778-4aee-96e4-cde9ca3f191e', 'Robert Ackerman', 'EMP008', 'Security Officer', 'robert.ackerman@acme.local', NULL, true, NOW(), 1,
   'https://icaqsnveqjmzyawjdffw.supabase.co/storage/v1/object/public/Campus-Security-and-Evacuation-System/employees/employee_e9d1edfd-c778-4aee-96e4-cde9ca3f191e_profile_1745411653.jpg'),
  ('fcb7cf71-654d-4d6e-b1e8-a0d4d9f00b8f', 'Santiago Zambrano', 'EMP009', 'Security Officer', 'santiago.zambrano@acme.local', NULL, true, NOW(), 2,
   'https://icaqsnveqjmzyawjdffw.supabase.co/storage/v1/object/public/Campus-Security-and-Evacuation-System/employees/employee_fcb7cf71-654d-4d6e-b1e8-a0d4d9f00b8f_profile_1745411673.jpg'),
  ('2a9ddfb4-cb07-43f3-96c5-4ede0bf9467b', 'Kyle Holliday', 'EMP020', 'Engineer', 'kyle@acme.local', NULL, true, NOW(), 3,
   'https://icaqsnveqjmzyawjdffw.supabase.co/storage/v1/object/public/Campus-Security-and-Evacuation-System/employees/employee_2a9ddfb4-cb07-43f3-96c5-4ede0bf9467b_profile.jpg'),
  -- Added Kaleb Cole and Griffin Holbert --
  ('f9941e45-5897-405c-8ec6-8e337a5ded49', 'Kaleb Cole', 'EMP021', 'Security', 'kaleb.i.cole@acme.local', NULL, true, NOW(), 0,
   'https://icaqsnveqjmzyawjdffw.supabase.co/storage/v1/object/public/Campus-Security-and-Evacuation-System/employees/employee_f9941e45-5897-405c-8ec6-8e337a5ded49_profile.jpg'),
  ('868e5428-adf6-46c2-b2cb-7f04e6f4ee0a', 'Griffin Holbert', 'EMP022', 'Engineer', 'griffin@acme.local', NULL, true, NOW(), 0,
   'https://icaqsnveqjmzyawjdffw.supabase.co/storage/v1/object/public/Campus-Security-and-Evacuation-System/employees/employee_868e5428-adf6-46c2-b2cb-7f04e6f4ee0a_profile.jpg');
 



-- Mock Verification Images and Logs (2025-04-23 10:19:25) --
INSERT INTO access_logs (employee_id, timestamp, access_granted, verification_method, session_id, verification_confidence, review_status) VALUES ('56637754-b86c-436d-80da-f2b09433ceba', '2025-04-23T04:42:25.439707', TRUE, 'BOTH', '589f712d-db65-45c1-a799-ab14b83a08b4', 0.91, 'approved');
INSERT INTO verification_images (session_id, storage_url, timestamp, processed, embedding, confidence, matched_employee_id, device_id) VALUES ('589f712d-db65-45c1-a799-ab14b83a08b4', 'https://icaqsnveqjmzyawjdffw.supabase.co/storage/v1/object/public/Campus-Security-and-Evacuation-System/verification_images/session_589f712d-db65-45c1-a799-ab14b83a08b4.png', '2025-04-23T04:42:25.439707', TRUE, NULL, 0.91, '56637754-b86c-436d-80da-f2b09433ceba', 'mock-esp32-001');
INSERT INTO access_logs (employee_id, timestamp, access_granted, verification_method, session_id, verification_confidence, review_status) VALUES ('868e5428-adf6-46c2-b2cb-7f04e6f4ee0a', '2025-04-23T01:18:30.266453', FALSE, 'FACE_ONLY_PENDING_REVIEW', '83d1d49f-852c-4180-9ab9-de95d7b60d73', NULL, 'pending');
INSERT INTO verification_images (session_id, storage_url, timestamp, processed, embedding, confidence, matched_employee_id, device_id) VALUES ('83d1d49f-852c-4180-9ab9-de95d7b60d73', 'https://icaqsnveqjmzyawjdffw.supabase.co/storage/v1/object/public/Campus-Security-and-Evacuation-System/verification_images/session_83d1d49f-852c-4180-9ab9-de95d7b60d73.png', '2025-04-23T01:18:30.266453', FALSE, NULL, NULL, '868e5428-adf6-46c2-b2cb-7f04e6f4ee0a', 'mock-esp32-001');
INSERT INTO access_logs (employee_id, timestamp, access_granted, verification_method, session_id, verification_confidence, review_status) VALUES ('f9941e45-5897-405c-8ec6-8e337a5ded49', '2025-04-22T15:07:31.386041', TRUE, 'FACE', '44a5721c-e4f4-4854-a5d3-27fe84e5c5eb', 0.96, 'approved');
INSERT INTO verification_images (session_id, storage_url, timestamp, processed, embedding, confidence, matched_employee_id, device_id) VALUES ('44a5721c-e4f4-4854-a5d3-27fe84e5c5eb', 'https://icaqsnveqjmzyawjdffw.supabase.co/storage/v1/object/public/Campus-Security-and-Evacuation-System/verification_images/session_44a5721c-e4f4-4854-a5d3-27fe84e5c5eb.png', '2025-04-22T15:07:31.386041', TRUE, NULL, 0.96, 'f9941e45-5897-405c-8ec6-8e337a5ded49', 'mock-esp32-001');
INSERT INTO access_logs (employee_id, timestamp, access_granted, verification_method, session_id, verification_confidence, review_status) VALUES ('2a9ddfb4-cb07-43f3-96c5-4ede0bf9467b', '2025-04-22T23:42:32.563346', TRUE, 'BOTH', 'df071cb7-d479-4fff-bb33-302d641ecf88', 0.99, 'approved');
INSERT INTO verification_images (session_id, storage_url, timestamp, processed, embedding, confidence, matched_employee_id, device_id) VALUES ('df071cb7-d479-4fff-bb33-302d641ecf88', 'https://icaqsnveqjmzyawjdffw.supabase.co/storage/v1/object/public/Campus-Security-and-Evacuation-System/verification_images/session_df071cb7-d479-4fff-bb33-302d641ecf88.png', '2025-04-22T23:42:32.563346', TRUE, NULL, 0.99, '2a9ddfb4-cb07-43f3-96c5-4ede0bf9467b', 'mock-esp32-001');
INSERT INTO access_logs (employee_id, timestamp, access_granted, verification_method, session_id, verification_confidence, review_status) VALUES ('841a532c-6904-45a7-b3fe-b719bf9588f1', '2025-04-23T05:20:32.974637', FALSE, 'RFID_ONLY_PENDING_REVIEW', 'c675b315-ae87-4e9b-a440-22fe2d8f3ff9', NULL, 'pending');
INSERT INTO verification_images (session_id, storage_url, timestamp, processed, embedding, confidence, matched_employee_id, device_id) VALUES ('c675b315-ae87-4e9b-a440-22fe2d8f3ff9', 'https://icaqsnveqjmzyawjdffw.supabase.co/storage/v1/object/public/Campus-Security-and-Evacuation-System/verification_images/session_c675b315-ae87-4e9b-a440-22fe2d8f3ff9.png', '2025-04-23T05:20:32.974637', FALSE, NULL, NULL, '841a532c-6904-45a7-b3fe-b719bf9588f1', 'mock-esp32-001');
INSERT INTO access_logs (employee_id, timestamp, access_granted, verification_method, session_id, verification_confidence, review_status) VALUES ('fcb7cf71-654d-4d6e-b1e8-a0d4d9f00b8f', '2025-04-22T20:32:33.730181', TRUE, 'FACE', '02fe63be-ff2d-4dea-959a-7f48fb82f0f0', 0.97, 'approved');
INSERT INTO verification_images (session_id, storage_url, timestamp, processed, embedding, confidence, matched_employee_id, device_id) VALUES ('02fe63be-ff2d-4dea-959a-7f48fb82f0f0', 'https://icaqsnveqjmzyawjdffw.supabase.co/storage/v1/object/public/Campus-Security-and-Evacuation-System/verification_images/session_02fe63be-ff2d-4dea-959a-7f48fb82f0f0.png', '2025-04-22T20:32:33.730181', TRUE, NULL, 0.97, 'fcb7cf71-654d-4d6e-b1e8-a0d4d9f00b8f', 'mock-esp32-001');


-- Auto-generated Embeddings (240x240) (2025-04-24 12:35:34) --
-- UPDATE employees SET face_embedding = '[0.1508735865,-0.8722037673,0.6010404229,0.3700488508,1.2996069193,-0.5796828866,0.1347978711,1.4976283312,1.0740469694,1.5726994276,-0.4363205135,-1.2495272160,-0.4102816880,-1.9501326084,-3.3073658943,-0.2090889961,-1.1995552778,-1.9929195642,-1.2308499813,0.4503197968,-0.1875406802,-0.9336041212,0.2933777273,-1.0982791185,-1.5716933012,-1.2478702068,0.9684091806,-1.6241633892,-3.0186848640,1.7118010521,-0.3067862689,1.1038221121,2.0577366352,0.8066844344,-1.6055248976,0.3948230445,-3.0815093517,0.0373701043,-3.0142071247,-1.5969456434,-0.9474602342,0.9188138843,-2.3687179089,-1.7130074501,0.8393509388,-1.5869506598,2.0227112770,2.0588266850,-0.0369349495,1.9936442375,0.0928647220,-1.9181072712,-2.4444358349,-1.2604069710,1.0008916855,2.1183185577,1.6982426643,-1.5264835358,-0.4698456228,-1.0004136562,1.6673033237,0.4704989791,0.1894842386,0.0521489903,-1.7556338310,-2.3431184292,-0.1965590566,-1.9012306929,-1.1707551479,-0.5125170946,-0.1978066415,1.5477085114,-0.2722351253,-0.0262772497,-0.7071529627,1.2779165506,-0.4174950421,-0.0809309408,2.1263771057,-0.9983017445,1.2301391363,-0.4388898313,-0.5775110126,0.4021146595,0.1755068004,-0.7164154053,0.9726288915,-2.7452683449,1.8475278616,2.3546614647,1.3039903641,0.0861895308,1.2757897377,-1.7658478022,2.0500800610,0.2518808842,-0.3449218273,-1.9935421944,0.0322766639,-0.6294081807,-0.9534835815,-0.1500218809,-0.4700669944,1.0935238600,0.7305528522,0.2330192178,-0.6432048678,4.0843839645,0.6665415764,0.9287472367,-0.5528215170,0.3743982911,-2.6332807541,-0.6816548705,1.3226138353,0.7836026549,0.0751858428,-3.4665768147,0.2648434639,-2.6604182720,-1.8410037756,1.5270291567,0.5109264255,0.5797696710,-1.0432319641,-0.9772977829,-1.4296690226,-0.8457508683,-0.1124201640,3.1598925591,-1.2277699709,2.4635632038,-0.4139342606,3.8885738850,-1.1854133606,2.6527531147,-0.0250986163,-0.4428457022,-0.3816485107,1.4497007132,1.6450701952,1.6389735937,2.3401162624,3.0354728699,1.3179881573,1.7276146412,-1.3822408915,-0.7612323165,-2.1832842827,3.6223206520,-0.6191139221,-2.7346150875,-1.0543668270,-0.8736359477,-0.1206807420,0.3827749789,-2.9228200912,2.8703720570,1.1121710539,1.2519297600,-2.2194960117,-0.1486567855,0.9952054620,-0.2794294655,1.8484904766,2.4663343430,0.1193501949,1.1055804491,5.1056213379,0.0224988963,-3.8437502384,1.0680291653,2.4922773838,0.7624573708,-0.4465160668,-1.5921399593,-4.5421919823,-0.5146444440,-0.1697100848,0.1277848631,-0.1585150510,0.4530088305,-0.1026032418,-1.3612581491,-0.8565965295,0.9302545786,-1.2206696272,0.0585737750,-1.6570364237,-1.0115242004,-1.0740194321,0.7110223174,-4.4385104179,-0.1873312443,0.9883234501,1.1701235771,2.0984973907,-0.1749431938,-1.1095854044,-0.1222828403,0.5665501952,2.6486506462,0.1554889381,-0.3740595877,2.2248244286,0.6842326522,0.2981179357,0.2250636071,-1.5659157038,0.2261197567,1.6424967051,1.0996993780,0.1333223134,-1.4718046188,2.6502115726,-0.4670636058,0.4108698666,-1.9404686689,0.7259258628,-0.0145569239,-3.4423956871,0.8444895744,2.4873645306,-2.0172188282,1.1455546618,1.1691818237,2.1533021927,-2.2006134987,-0.0806445181,1.7446886301,-1.1733001471,0.5601955652,-0.7175647020,-1.7508648634,0.9950592518,4.1030740738,-0.2047514319,-1.8004499674,-1.1071699858,-1.4801477194,0.6032840610,0.4394566119,-2.1526803970,0.2917220891,3.1216571331,-0.4885002375,-2.6388390064,0.0761893913,-0.1955263317,-2.3314507008,1.1412253380,-3.1115884781,-0.3443884254,0.3096562326,-0.7503329515,0.5116194487,0.3517194390,1.8578937054,-0.4900732338,1.2148280144,-2.8302421570,-0.7303586006,-0.3483260274,-0.4617391229,-1.6828435659,0.3209890127,-0.9353797436,0.8533712029,-1.6081547737,0.2491672486,-2.2213888168,0.1161740497,0.1710742861,0.2337432206,1.7039546967,0.5434781313,-2.2469701767,-0.7546813488,-3.5904786587,-1.2353565693,0.9034471512,1.7269754410,0.5402958989,-2.0669124126,-0.4103586078,1.7936633825,0.8316960931,0.9567979574,-2.3534517288,0.3775804341,0.4675580859,-0.4053444564,-1.6741982698,1.2492122650,0.1725875437,0.6873949170,0.2544995546,-0.3185262978,-1.1308248043,-0.8917306662,0.6850500107,1.2942113876,0.7875429988,-0.1137382984,0.2188451439,-1.9295142889,-0.2078804523,1.6756372452,2.2444853783,0.2375260144,-2.8851523399,-1.3288048506,-1.5250161886,-1.2221031189,-0.6902558804,2.1871747971,0.9791274667,4.4472570419,1.6628341675,-1.4788019657,-0.4435887337,0.7516108155,2.4780189991,-2.1763975620,0.2673564851,3.2766544819,-0.1256622225,2.6808161736,2.3077156544,3.2076902390,-2.0784285069,0.5964234471,0.5514649749,-2.0570728779,-0.0150892586,0.7209489346,-0.6129158139,2.2937817574,-0.1710048765,-0.6363190413,-0.0476043448,-0.5004982948,-0.8827680349,1.9018354416,-0.2892885208,0.5543064475,0.5230390429,0.5411435962,0.0429723933,1.4534968138,-0.7837245464,-0.7672010660,-1.9705625772,1.4523652792,0.5438029170,2.2634377480,0.2508990169,-0.3241636157,0.3704009354,1.1901543140,-0.9271088243,-1.3399021626,-2.5297765732,-0.9953861237,-1.5705813169,-0.2314017266,5.0510392189,0.4759680629,-2.2120940685,-0.8882172704,-2.4526157379,-1.9978251457,0.8506598473,-1.4894750118,0.8272218704,3.7586493492,-0.9060661197,-3.1492683887,0.2172901928,-1.4664574862,0.7510708570,-0.9758353233,0.8416068554,1.6672829390,2.6678776741,-1.8448888063,-0.7029816508,-0.5987998247,2.0909211636,2.2834177017,-0.0629064515,-2.0896627903,1.2090661526,-1.9744724035,0.0933657736,-1.4856054783,0.0042553339,0.5349203944,2.1613247395,2.0464124680,0.9253792167,1.8563822508,-0.3625754714,-0.0406571291,2.5749731064,0.7293216586,-0.0720331520,-0.6354860663,-1.1248258352,1.0137103796,0.8232519031,-1.1403880119,-0.4059679210,-2.6480982304,1.7342875004,1.4242390394,-1.3056476116,-1.3378903866,-0.5446025729,-0.5870226026,1.9761440754,-1.4987603426,1.6537662745,-0.3719629645,0.7481535673,-0.1598700732,-1.0104652643,2.0460791588,3.5058422089,-0.1197312176,0.1344828606,-2.1189887524,0.8152981997,-1.2120954990,-1.0123279095,3.5379869938,0.5677914619,-1.5960541964,-3.3111691475,-0.7914357185,1.0916006565,0.3263746798,-0.1850499362,-1.3918080330,-1.9247351885,2.9116153717,2.6254026890,0.7287975550,1.1673536301,0.1961277425,0.7727028131,-1.5401164293,-1.6711425781,-0.1767361313,-0.3315274715,-0.1187742129,-2.2147729397,-1.0316125154,-1.9374971390,-1.0795884132,0.3840846419,-0.6629553437,-0.4833711088,1.0776132345,-1.2839683294,0.0357750468,-2.2935748100,-0.1859718561,-1.1839298010,2.3993048668,-1.6238040924,-2.3807678223,-1.5054355860,0.6655825377,1.2045459747,0.7021323442,1.8603110313,-0.2342293113,-0.8236120343,1.3244650364,2.2202389240,2.3418276310,-0.0174130928,0.6500835419,3.3385305405,-0.6710051298,-0.3864471018,0.9295303226,2.1641211510,-1.4583144188,-1.2877144814,-0.3581043780,-1.4433548450,-0.2899573445,-0.9275664091,-2.0606951714,-0.4455570281,-0.1145540699,-3.0314838886,-0.4137282670,0.0241767373,0.5696943998,0.8318430185,0.0193563849,0.3605591655,-2.0042479038,0.7839292288,1.0068372488,-2.8821432590,0.1448653191,1.1069107056,0.0480773523]' WHERE rfid_tag = 'EMP002';
-- UPDATE employees SET face_embedding = '[-0.8659089208,-1.7803434134,-0.6850435734,-0.9131903648,-0.2969101369,-0.0505845398,-1.0016567707,-2.7289724350,-0.3224545717,0.0060320091,-0.8948268890,1.5507386923,1.4463088512,0.3236875832,1.1563816071,-1.7842856646,-0.7509932518,-1.2879761457,-2.9751167297,1.5780376196,-1.2178858519,1.2341494560,0.8578818440,0.5351260304,-1.4680236578,-1.0290536880,-1.0563627481,-1.1911672354,1.2478563786,-0.0477376133,2.7205057144,1.9462924004,3.0082685947,-0.9143254757,-3.9442312717,2.8677647114,-0.9880419970,0.4375114143,0.0568687283,-3.8153553009,1.6732276678,-1.8151500225,-2.2828433514,-1.2526621819,2.9977266788,-0.0666512549,1.0805159807,3.5063991547,0.0136395879,0.7176932693,2.6973249912,0.3670465052,-1.5873801708,1.1029422283,1.9612538815,0.6040697694,0.1637247354,0.7949056625,0.0207891837,-0.6523889899,1.5916794538,0.3103275299,0.1152900830,-0.0520485491,0.7855225801,-2.2787683010,-2.4918079376,0.6860573888,1.3749003410,2.7994906902,1.1288594007,1.1637475491,-1.2440283298,1.6870636940,0.7590145469,-2.8362622261,2.8315072060,-0.8420526385,0.5745216608,-2.6367542744,1.6216516495,-1.2159836292,-0.4957669675,-1.0436048508,-2.6076371670,3.0974349976,-1.2668721676,-3.3001346588,-1.9206821918,0.3683348894,-2.3012557030,0.6913619637,1.3292194605,-0.9407418370,0.9959240556,-1.8036582470,1.2350409031,-0.7975686789,-4.6375236511,0.8858818412,0.1431726068,1.0350358486,-0.5606635213,-1.7247045040,-0.7469090223,-0.7294504642,1.9637351036,1.5269769430,0.7357802987,0.6450476646,-0.2803421021,1.4487280846,-1.0969918966,-0.9864714742,1.1177444458,-1.0001821518,1.6827912331,-2.1840491295,-2.2354085445,-0.9282669425,1.8938835859,-0.7441962361,-0.9777522683,-0.0228224900,-2.6896643639,-0.0696791112,-0.1466046572,1.8274157047,-1.1680750847,-0.0230901428,1.2031092644,-2.5613577366,-1.9174315929,0.1288557053,-1.4381409883,1.9250086546,-4.7005877495,-0.9288407564,-0.5183485746,-1.2906664610,0.4010651112,-0.1623940170,2.6398978233,-0.5492674112,-0.2712828517,2.6862201691,-0.4705498219,3.1456575394,0.1528849751,0.7867639661,-1.4534834623,-3.4582309723,-2.5866820812,0.0825864077,-1.8941304684,0.1213327199,-0.6166633368,0.5106416941,1.7696307898,0.9667878747,-1.7744331360,0.4509080350,0.6398318410,0.6697179675,0.8013603687,0.1626439989,0.9098965526,-3.0267055035,3.8717577457,1.6797497272,1.4257862568,-1.5119203329,1.2615667582,-1.8831270933,1.9500567913,1.1903779507,-1.0056109428,-2.3160350323,-2.6038267612,-0.2641838789,0.4884898663,1.3006421328,0.1428042948,2.2265670300,-1.8102380037,-0.2330923080,-1.6867357492,-1.6931074858,1.3388969898,1.5269079208,-0.8438690305,-0.8825929761,-0.0119914208,1.5428884029,3.0021643639,2.4766008854,-0.6344156265,-0.5614811778,-0.6555860043,0.1463548392,-1.1256937981,0.7140589356,-0.5210984945,1.5275112391,-0.0750528574,-0.8543456197,0.4245999455,2.1713464260,-3.8183274269,-3.8254640102,1.6616045237,-0.8684769273,-1.7352992296,-1.9115182161,2.8229184151,0.0287278816,-2.1871719360,-0.8584773540,-0.2077985257,-1.2321307659,0.0756404549,0.8165038824,3.2699983120,0.9915449619,2.2110314369,3.2467813492,1.7074162960,3.1043081284,-0.3897807598,0.0642806664,-0.3756094277,1.9201834202,-2.8067731857,-2.0295693874,0.1522945315,3.2568209171,-1.8854508400,-1.1619973183,-1.4002826214,-0.5439826250,-0.7050312161,-0.4084998965,-2.4811432362,1.5601483583,0.4132072926,-0.9353739023,1.9506272078,1.1853724718,0.6294264197,-1.2080096006,0.0944915563,-0.8481222391,-2.7956357002,-1.4065678120,0.5956446528,0.4358018935,1.4817053080,-1.2168064117,-2.5901739597,3.8808596134,-2.6736605167,-2.5959610939,-0.9470707774,1.5211668015,0.7922231555,-0.7770141363,-2.9744431973,-2.3104352951,1.2489081621,-0.0579026788,0.7018558979,0.5634327531,2.9458751678,0.3315728903,-0.1631628275,-0.2711551189,1.9977426529,-0.0150903054,1.2475955486,-0.7916871309,0.3677752018,-0.4148394167,1.7093403339,-0.5106016994,-2.2246620655,1.7204784155,-0.3638681471,0.1103920788,-0.0761433616,0.9486331940,0.0324037150,-0.1315792501,-1.2667175531,0.6925236583,3.2449064255,-0.7698494196,0.9035654664,1.7650383711,-1.1344580650,4.0638198853,-1.4989297390,0.2248396724,1.6006962061,-1.2407535315,4.0977778435,-0.1292296946,-1.4117242098,3.1851360798,1.8743629456,3.3900108337,-1.2001190186,-0.8240509629,-0.1899090856,-1.8721896410,-1.1057893038,0.6291118264,-1.1764349937,2.0370836258,-0.6063932776,-0.1887168139,1.3783711195,1.0127609968,1.3597103357,1.3957391977,2.0961036682,0.3856474161,-0.6681843400,-0.5252582431,-0.1356674135,0.6800383925,-0.7316740155,-0.9391283989,-0.0354175158,-1.4672987461,-0.7941640615,2.2884767056,-3.6026265621,1.3057280779,-1.5966314077,2.6018109322,-1.5231175423,1.6407109499,1.0498224497,-0.1268435270,-0.8365262747,1.7802586555,-0.6087715030,3.4786722660,-2.9398522377,-0.7878325582,0.3091905415,-2.3884761333,-1.0049908161,1.9870798588,1.3409631252,-1.1366196871,0.9674583673,0.0861770138,-1.3770587444,0.9383494258,1.2844247818,-0.3654327095,0.9556175470,-1.3032038212,-1.7928165197,0.3969644010,4.0228075981,-1.6772768497,-1.7492307425,-0.1530931592,-0.9113928676,-2.4196491241,1.4124697447,2.0086293221,1.9379669428,-1.4739596844,-1.0774483681,0.3448950052,-0.0432894044,-0.0215401072,0.8841254115,-0.4180404246,-2.0299420357,-1.4162515402,0.6391632557,-0.9077820182,-2.7292976379,-2.2996442318,-1.5896605253,-0.1767815948,1.3952287436,-2.8349995613,2.2204270363,-0.0983528867,-0.2072279751,-0.7233810425,-0.1374206692,-1.7200983763,2.7138860226,-1.0365383625,-0.8084605336,-1.8969963789,4.3031449318,1.0355274677,2.4421632290,-1.2940518856,-0.8262395263,2.1225099564,-3.9904615879,2.1551430225,-1.4276767969,-1.3251672983,-1.8388235569,-0.6845684648,0.7987401485,-0.4706179798,0.1034558713,-0.0172936134,-1.0711275339,-2.3197307587,1.3070540428,-3.4665372372,-1.4533989429,0.0069630202,1.6806184053,0.6887545586,-0.6657536030,0.3484849930,-0.9821759462,-2.1529183388,0.0309841596,-2.4003503323,-1.2243611813,2.3164708614,-0.5226860046,0.5445464849,0.3330584168,0.2443861514,-1.7614102364,0.8064790368,-1.2363603115,-0.6867064834,0.7018279433,0.6987424493,-0.6053335667,4.0731663704,-2.7839822769,-2.7169182301,-0.5686472058,1.5703837872,0.1383979619,-0.3869650662,-0.3429078460,1.4185681343,-0.0760979429,1.4620445967,-3.3567903042,1.2307980061,-1.9709296227,4.3401408195,-1.2456370592,1.4980027676,-4.1616191864,0.1258885264,-2.6031243801,-1.2725983858,-0.0705047026,1.2313222885,-1.2933462858,1.3390108347,-2.4929344654,0.6933819652,-1.5245684385,0.2237540334,2.3150026798,-2.9112622738,1.6900019646,-0.5682129264,1.2643905878,0.6611564755,0.6322239637,-1.6805976629,-0.9711279869,-0.0470359735,2.2651803493,1.8424440622,0.3837559819,4.9798097610,1.0718166828,-4.2354907990,-0.0582644604,-0.9571088552,0.7842336297,3.3503022194,-1.2615134716,-1.6222932339,1.7972184420,-0.1132124886,0.1324475408,3.0710239410,0.2559918463,0.1383308023,-0.3877167702,-0.3534607291,-3.2835662365,-1.4059833288,0.8663227558,-1.5171269178,2.4025173187,0.6287812591,1.1344751120,-2.0635578632]' WHERE rfid_tag = 'EMP003';
-- UPDATE employees SET face_embedding = '[-1.2992703915,-1.0074476004,3.0385417938,2.5750663280,0.1301261038,0.4009898305,-0.5107269287,1.5504615307,3.4172945023,2.5950074196,1.2109384537,-0.4813843966,0.0124562997,0.2232775837,-0.1150022596,0.0538555942,-2.7261321545,0.3121859133,2.4415690899,0.1391084045,-1.7814775705,-2.4046893120,1.3933482170,0.0528811961,1.5725929737,0.4665494859,2.3990261555,0.0402266756,-0.5974974036,0.8740284443,-0.4647079408,-1.9688763618,0.7053484917,2.5156054497,-0.2437013686,-1.0331946611,1.4278143644,0.6617082357,1.9051141739,-2.3059887886,0.0132311173,0.9113023877,-3.3599395752,-1.4859704971,-0.4219136536,0.2235251665,1.3964543343,0.3921677470,-0.1827556640,2.3324673176,-2.1869776249,1.4290659428,1.1388958693,-2.4528250694,0.2644166052,1.2988029718,0.6271080375,-2.3498983383,-0.6221849322,-0.8276286721,-4.3726863861,-0.5185923576,-0.3643180132,0.4308928251,-0.5483046174,2.7575101852,1.1237738132,2.6275789738,-1.5787341595,1.4207706451,0.7633891106,-1.9342544079,2.0773704052,3.8042521477,-0.1502644569,-0.8410253525,2.3308703899,-1.1750788689,-2.1737391949,-0.0427640788,-1.0471389294,0.1835127175,0.5324593186,1.6463936567,-1.7982434034,1.6754218340,0.4819050431,-1.0782543421,0.8964917660,1.6181768179,0.2884190679,1.5594253540,-0.0824592486,-0.7354561090,0.3899782598,0.2885448337,0.5729660392,-1.4323590994,-1.8212851286,-1.2909725904,0.1663003266,1.2432030439,-1.2586041689,-0.4799275696,-0.1472595483,-0.8517478108,-0.4267974794,0.9230224490,-1.6493592262,-3.4157533646,0.4109682739,1.8829374313,-1.3579674959,3.7235281467,-2.0946447849,-0.5485758185,0.9721403718,2.2408292294,-2.6950612068,2.4781250954,1.8204145432,1.0126062632,-1.1375664473,-2.6458680630,-1.5772433281,1.0429111719,-1.8044639826,-1.1262903214,-0.1320571899,-1.5423221588,2.0012745857,0.7812536359,0.5553072095,1.0221841335,-1.5650049448,-0.2604531348,-0.1092728600,-1.8928353786,3.4830162525,0.0811980814,-0.2414755970,-1.2056710720,1.9809556007,0.3579822183,-1.4282947779,-2.3160836697,-0.2673628926,2.2933328152,-0.5078358650,0.4742844403,-1.6838359833,-0.5170124769,2.0857000351,0.4869780242,0.3368341327,2.2900941372,-0.2089484185,-1.9605221748,-0.4491809607,-0.7924182415,-1.5779191256,-1.6242630482,-0.8183370829,0.2945732772,2.1343555450,-0.3262777030,-0.1688898653,0.3117203116,-0.1899576187,-0.1654175818,-0.7534101009,1.0460803509,-1.2711391449,0.6093369722,-2.7541708946,1.6913871765,0.4167291224,-1.9020539522,2.6820187569,-0.1151201874,-1.1015889645,-0.3125015497,2.0685191154,-1.9002170563,0.4897383749,-1.1773114204,-0.0539638847,1.1510564089,-0.0852913111,-1.2056655884,-0.3742612600,2.1178681850,-0.6157572269,0.0260115974,0.6286994815,-0.3626830578,-0.9157252312,3.9886548519,-0.8298797011,0.3167016208,0.7834725976,2.0955758095,0.5623945594,-0.8226579428,-2.0935053825,-0.4358761907,0.4408222437,-0.1078395173,-2.7311878204,1.1343406439,-0.3362030685,-1.2899565697,-0.3152854145,-0.5334960818,-0.3578539491,-2.1187098026,-1.5100331306,-3.9524893761,1.7723938227,-0.4571403265,-1.0385246277,1.0322557688,2.0000636578,2.0230078697,-3.3822727203,2.7283883095,-0.4600871801,-0.4540851712,1.0378779173,-1.3228425980,-2.5269114971,-2.7205727100,-1.3976707458,0.2510563433,-0.9055081606,-0.0001270622,1.9537816048,0.0043635294,1.6123846769,0.0360904001,0.7962459326,-1.5423082113,1.7370420694,-0.5532481074,2.8385250568,0.4180191159,-1.8846148252,-1.8983683586,-2.7211122513,-1.2430987358,0.3761410415,1.3870179653,-0.5697246194,0.5592012405,-1.0518426895,0.5290219784,-2.3070049286,-1.0280283689,-0.5698329210,-2.3614156246,-0.3878051937,-0.2611951530,1.4592381716,0.7440683246,-1.9069342613,-0.0596926734,0.7693324685,2.1775088310,2.4362287521,-0.1905465424,-0.7737402320,0.4825943112,-0.1279498339,0.4986222088,-3.1229765415,0.3642392755,1.9708144665,0.2901082933,-2.0345535278,1.1355375051,0.5949423909,1.5973935127,-2.0038464069,0.3936871886,0.5766603947,1.8811686039,1.0743054152,0.9025028348,1.7116346359,-3.0042824745,-0.0354176834,-1.9196656942,-0.5290785432,-2.3634340763,-1.1376889944,-0.3154679835,0.0211581718,-0.8786802888,-0.2654748559,-0.0883803368,0.6567419171,2.0539841652,1.9099642038,-0.4952405095,1.6269651651,1.5222872496,2.0320105553,0.2073874921,-0.7573090196,1.0121004581,0.9931674004,-1.0269914865,-2.2701544762,-1.3838871717,-0.8597714305,2.2763495445,0.1483866274,0.2410781384,0.2875279784,1.0417952538,-4.1633219719,-1.5283603668,-0.5556771755,-0.6238442063,-0.8251564503,0.7158949375,-0.0472907722,-2.8634791374,0.7418762445,-2.0242428780,0.0645772368,0.1872748286,2.3498435020,1.2294329405,1.3062875271,-2.8487424850,0.0862507597,-0.6024585962,-1.9175660610,0.2067244649,1.9920827150,-0.3147518337,-0.4880580604,-0.7931053042,-0.0661251545,-0.9112012386,-0.4570025504,-1.4656959772,-1.8518518209,2.6785190105,2.2107431889,0.1952400506,-1.0677874088,3.0236861706,-3.3823912144,2.2382464409,1.0888637304,-0.1764817983,-0.7136198282,2.3546619415,-0.1047344133,0.7570523620,0.6248601675,-2.4858837128,0.5201900005,-0.1694122553,3.4426245689,-0.8995123506,-0.4209667146,1.1710848808,-2.9495348930,0.7368119359,-0.5666975379,0.2659306526,-1.8828758001,1.0711309910,2.1182947159,-0.8753390908,0.7324800491,-0.0762944892,3.6997344494,-0.9616294503,0.0023164344,2.1356055737,-1.3203512430,1.2602573633,0.6756757498,0.5054432750,-1.8856579065,1.7121567726,-2.0142002106,2.3935081959,2.4064271450,3.6888527870,-0.7544077635,1.8018218279,0.8930532336,-1.7761241198,1.0666168928,-0.0092568099,-1.0123147964,1.1465919018,0.4373303652,-0.0641878024,-0.7866724730,-2.8795855045,1.5596095324,-2.0550324917,-1.5317761898,-1.6034034491,2.9051592350,0.1541304588,1.9381295443,0.4806248248,0.3928308189,-1.3019447327,1.1538826227,-3.7494246960,2.7209479809,1.0396704674,1.0308718681,-0.7328462005,-0.5415762663,0.5504664183,-0.9754579067,-0.4754568338,2.2798848152,-1.8868696690,-3.5843744278,-0.2774832845,0.8758292794,1.5943431854,0.4764988124,0.6350336671,0.1036924496,0.6438949108,-0.4400705695,-1.6694005728,-0.8277111053,0.4971530139,3.5356354713,1.2308905125,2.2504825592,0.7988403440,0.3688838184,-3.7232158184,1.6177829504,-0.2409506142,-1.3132023811,2.4087131023,1.4868141413,-1.9162520170,-0.7468695045,0.3104090393,-0.6811977625,-1.3396908045,2.0158581734,1.1257669926,-0.6801964045,0.4846673608,1.0134524107,1.4396461248,0.1037380919,0.5461000800,-0.1436382830,-1.2351040840,-1.9926322699,-0.1126401871,-2.5448126793,-0.3862950206,-0.0121342391,0.5513647199,1.6015919447,0.6683778763,-1.6356821060,4.6861186028,1.6612029076,-0.6994975805,1.2079994678,1.4168939590,-0.5645597577,0.9524801970,1.1248354912,0.6563896537,0.8246341348,-0.5267252326,-2.0854253769,-1.1454366446,0.7776842713,1.6303815842,0.0082109338,1.3406633139,-0.1738356799,-1.4956251383,0.2600945234,1.3209251165,0.3092124760,-0.4566549957,-0.9522998929,1.9096249342,-0.7854970694,0.4518203735,0.9259037971,0.6697373390,-1.5925139189,-2.8703539371,2.0679833889,-0.2823917866,-1.2334282398,1.6853352785,-0.6746486425,0.5853500962]' WHERE rfid_tag = 'EMP004';
-- UPDATE employees SET face_embedding = '[-0.3954858780,-0.1657275856,3.6229107380,-0.0458249152,4.3068356514,0.6996183991,-0.2659308314,-2.0757141113,0.5455877781,-1.3838371038,-3.2382996082,-2.3800907135,0.3385967910,0.2871544957,1.1886066198,0.8676720262,-2.4793357849,-0.2938099802,-0.0022817007,-0.9824653864,-0.2314311862,-0.6452887058,-1.2134925127,-0.5511190891,0.0419647731,-0.7459157705,1.1205977201,0.3599510193,-2.9006247520,0.4691689909,1.6028869152,-1.8369982243,-0.1586830467,-2.2546966076,-2.1374859810,-0.0833939090,1.5895547867,2.0040388107,-1.2398679256,-0.1489005685,0.1937876791,1.2340310812,-2.6907114983,-0.2778070569,0.8354710340,0.1886620522,-1.5541301966,-0.0027483623,-1.9368195534,-0.1701071262,2.8387227058,-1.1303566694,-0.8195182085,0.5367729068,0.6659489274,-0.1118133664,2.0788335800,1.0577679873,-0.1730602384,-1.0617053509,-2.0321485996,-0.6338628531,-0.4187685847,1.8427852392,-1.1813950539,-0.7455379367,-3.0531885624,0.2537432611,1.1500457525,0.6587910056,3.1865172386,3.5834307671,0.8570281863,-0.2373151779,-1.1549701691,-0.2285690606,-1.5901261568,0.4691295624,-1.3591367006,0.2096454352,0.1567708254,-1.0474518538,-0.8602398634,0.9927092791,-0.7593280077,-1.0489426851,-1.7752709389,-0.7411718965,1.3898278475,1.9659693241,1.4642230272,-1.5664359331,3.6382117271,1.7771960497,-0.7315358520,-0.4630778432,1.1795768738,-2.6235597134,-0.4775511920,3.3738510609,-2.7148036957,-0.3551842868,-0.8124884963,-1.7826397419,-0.1428322941,3.3014576435,0.6710072756,0.5566638112,-0.5310499072,2.3497011662,-0.6313304305,2.0960118771,-1.8695797920,3.2403454781,-0.7902243733,-0.5489647388,-1.1655316353,-1.0006384850,0.8435590863,1.9043877125,3.3185682297,-0.9644587040,2.0181691647,-1.5705989599,0.0161021613,-0.0085828267,1.9517725706,-0.8694541454,1.1940146685,0.5960840583,-2.2401523590,0.8452730775,-1.9496390820,0.4373855889,-0.0973404646,1.5604728460,-1.7313795090,1.4571903944,-0.9219928980,2.0269131660,-1.5765973330,-1.0108451843,0.7983263731,0.5064852834,-0.1476189345,-1.6930996180,-0.5315162539,1.0260939598,-1.0233063698,1.3401463032,-3.5294575691,-1.3571320772,2.5109579563,2.7170834541,0.6328946948,-0.4963816702,0.7122123837,-0.4581993520,0.8555144668,1.7692731619,-1.3731696606,-2.5685324669,-1.9979219437,0.9451698661,0.5353857875,-0.9223864675,0.4003309906,0.9050131440,1.4529995918,0.6216156483,1.6147012711,0.2038446963,-0.5726963878,0.6614883542,2.5421786308,0.9408196211,0.7759667635,0.3728897870,2.7139313221,-1.5771253109,0.1143888980,0.9790196419,0.1352309287,-1.8836712837,-0.5648459792,-1.0587269068,1.1127055883,-0.9252715111,1.1389470100,-0.8417519331,-1.7583065033,0.9334081411,1.0552340746,-1.4223541021,-0.2699615955,-1.6263506413,0.5550453067,-0.0193724222,0.3061981201,-1.6969518661,0.3666615486,-2.6532618999,-1.1069395542,0.2390806973,1.5410933495,0.5946623087,0.7297042608,0.0196381658,-0.9257234335,-2.2543156147,-0.6764462590,-1.3403924704,-1.2128385305,-2.5914220810,0.4595479071,0.8691303730,-1.9347552061,-0.5136243701,1.2296504974,-0.6707569361,-0.6697737575,0.6076973677,0.0035026651,-0.8469540477,0.3587997258,0.4784088731,1.6603134871,-0.0498406440,-1.3557655811,-1.7160080671,-2.0265643597,0.2845619321,-1.4158431292,-1.6653361320,-3.9055366516,1.2801622152,-0.8781801462,2.1266450882,-3.4865620136,0.0948673561,1.5001626015,-1.2022973299,-0.7486240268,-1.2005327940,0.0179133713,-3.0113079548,-2.2390666008,-0.7996447682,0.1651848108,-1.1728266478,1.8865081072,-1.1544159651,-2.3008766174,2.5051686764,1.2680289745,-1.0820527077,1.5877742767,-2.7038640976,-3.2905316353,0.4635680318,-0.5474730730,1.0663608313,-0.4312935174,1.5817843676,-1.9543715715,-2.9990477562,1.7486289740,-2.9272131920,1.4060866833,-0.8211732507,-0.4737793803,1.3730664253,0.0052207038,1.3316142559,1.7335953712,-1.3778083324,-1.8703351021,-0.0210332237,0.7913693786,-0.7654148340,-2.0062766075,-0.3007934093,0.5172243714,-3.2604434490,0.8414482474,0.8185298443,0.2759515941,1.5170185566,-0.4689697027,0.0929022878,-3.6772756577,-1.0003837347,0.0372123942,-0.1245762706,0.8975817561,-0.5296579599,-1.7895325422,-0.0556806400,-1.1223827600,1.9187958241,-4.1258649826,-1.1082818508,1.7839138508,-1.7333234549,-1.5622406006,-1.0069564581,0.1288018227,0.2787241340,3.8753206730,-0.2066576481,3.2085886002,-2.6267621517,-2.6537721157,0.2748008370,1.0574709177,-0.2509921193,-0.3000263572,-0.2887209952,0.2583048046,-0.1599229276,2.4537200928,2.1256287098,-0.4548034668,1.1794532537,0.5734350681,1.7350552082,0.4482002556,-0.0103465654,-1.5678461790,2.8607096672,-3.0743308067,-1.1765005589,0.8227819204,-1.1814056635,-1.3112909794,0.2030311227,1.3257029057,0.5176946521,-1.3598659039,2.2975125313,-0.5038265586,2.6631512642,1.8077759743,-0.3271030486,-1.7666623592,0.5489887595,0.5086053610,-0.3623947203,-1.5070825815,-0.3054170907,0.3260775805,-2.3485975266,0.2248128057,0.1745633483,-0.5525155663,1.2937320471,0.0076200338,-2.4468398094,-0.6985727549,-0.4025718272,0.2383152992,1.0252542496,-2.7993452549,1.6343935728,-1.3065056801,1.4392446280,-1.2978233099,-1.4338423014,-0.5305857062,1.7399090528,0.8862489462,1.0370994806,-1.7149714231,-0.3830274940,2.5361990929,1.1350115538,-0.2342903614,-0.3348895609,-0.3287627101,1.0559868813,2.4167227745,-2.1603379250,1.4211374521,-0.0632631108,0.7024722695,-0.3604107499,-0.1528843492,1.7869392633,-1.2644138336,2.0552480221,1.4732650518,-0.6851589084,3.3269860744,0.7832410932,-0.4667426944,-0.7888833284,0.1701256484,-3.0478892326,-1.2740551233,2.9451272488,-0.7929241061,0.3000955284,-1.7214766741,0.4023227096,0.0592864640,-3.1320598125,-0.9225735068,-0.4463325143,1.6619619131,-0.7994446158,-2.1850144863,-0.8544057012,4.5463519096,-1.8239729404,4.0297732353,-0.3916073143,-4.1789388657,2.2296724319,1.4458491802,0.5553355813,0.5960236192,-3.3944442272,0.6784037352,-0.2217859626,-1.4513527155,2.9900391102,-2.4982328415,0.3756040335,2.4664969444,-2.6395132542,0.4412126839,-0.2951118946,-2.5354843140,1.6429179907,-0.5585118532,2.9162654877,1.3648886681,2.0510456562,2.6958417892,-1.9630755186,-0.9730013609,-0.1516945511,-1.0896642208,-0.5393187404,-0.1985159963,-0.1582825780,-0.7932898998,-1.8641990423,1.1636343002,3.3136410713,1.1042814255,-3.9898765087,0.8707104325,-3.1389946938,0.8299636841,1.1905875206,-0.7472527623,1.2573927641,-1.5043653250,-0.8994592428,-0.2463415712,2.0716969967,-0.3440878093,1.7365758419,-0.1848431230,-1.7037979364,-1.3232566118,1.1935137510,-1.5869889259,2.1684670448,-1.8917422295,-0.5831540227,-0.3683420420,-0.5128573775,-0.1130504459,1.1999257803,0.4877150655,0.0297326576,-1.8086596727,-0.4658311307,0.2710002661,1.6505455971,-1.1692072153,-0.9109039307,-0.4595787227,0.9197449088,-0.0868964195,0.8663464189,1.6792223454,-1.3162198067,-2.7334618568,-1.8276367188,-0.1165468767,-0.7836495638,-2.5175409317,2.9898738861,-3.0051620007,0.6272813678,-2.1244757175,-1.4095201492,1.3404841423,0.0014460962,-4.4867863655,0.4261275530,-0.2453674674,1.1115611792,-0.1741027832,0.0004642364,1.3020985126,-1.6114209890,0.7710763216,-0.3572849631]' WHERE rfid_tag = 'EMP005';
-- UPDATE employees SET face_embedding = '[0.6277264953,1.0315697193,1.1126377583,-1.0816148520,1.3813866377,1.1495498419,0.2852202356,-0.9131003618,-1.8832545280,0.0366060808,-1.5071369410,-1.9942201376,-0.4824161530,2.5653140545,1.2228770256,-0.8820942640,-1.8626203537,1.4683669806,-1.6955366135,0.6739603281,-0.4495964050,0.8063390851,-0.3221659958,0.5690903068,-1.5203460455,1.2376606464,1.0563684702,2.9889540672,-0.5968577862,1.7739923000,1.9204244614,-1.4717040062,0.0868501216,-1.0630939007,-0.1209283695,1.3805450201,1.2042268515,2.4713664055,1.3508546352,-0.2858724296,-0.6576316357,-1.6996920109,-0.5247272253,2.3528804779,0.0692694262,0.0549689457,-0.0376920141,0.7798937559,-1.2592352629,-0.0961382985,-1.0315843821,-1.8919324875,0.8330260515,-0.2820614576,-1.3395551443,0.4720752537,0.6132001281,-0.2050503194,1.3855009079,-3.1445963383,0.8243957758,-0.3588576317,1.0288196802,1.8863404989,0.8460877538,-0.6372222900,-0.5073702335,0.7642171383,-0.0393978059,0.8685749769,0.6553195715,0.2547535598,1.2844952345,1.4133079052,-1.2884472609,-0.5032132268,1.0224825144,1.4028024673,-1.4743417501,0.1640662253,-1.7042337656,0.5372847915,0.1717857867,0.4669928253,-1.2304664850,0.8893740177,1.9090871811,-0.5438201427,0.2336776853,3.4378452301,-1.6249617338,-1.6078923941,-0.8533731699,-0.1455438137,-0.2101706713,-0.4797980785,1.1437377930,1.3335809708,0.0830784142,-0.6736515164,-2.6231670380,2.6352899075,-1.1032532454,-3.2645576000,0.9808709621,-2.8993299007,2.7157638073,0.5419635177,-0.6330921054,0.0904957131,-0.4735020101,0.7703276873,-0.6348525286,0.7043146491,0.3393207788,0.9825223684,1.9026505947,-1.3329656124,2.8206503391,1.1579483747,-0.0608893298,2.6944737434,0.7406544685,0.2421518862,0.4529086947,0.9087193608,0.1157798395,-0.1688201725,0.5441566706,2.2534053326,-0.3741738498,-0.6159737110,-1.1479549408,-0.4106371105,1.5152792931,-1.6524552107,-0.0594653338,1.6045348644,1.6619062424,-0.9984527826,0.4269572496,-1.0399442911,1.5726071596,0.8996295929,-1.3998924494,1.7973673344,-0.1822426319,-0.8736963272,-0.0123379286,-0.3078075647,-2.5092318058,0.3089189529,0.5732764602,0.8195663095,0.0620525219,-0.5029664040,-1.3073033094,0.4891850054,-2.3304839134,-1.1245920658,-0.6100856066,-0.5015544891,0.6497181058,1.1365017891,0.6711020470,-0.2401793450,1.0628437996,-0.3401067853,0.3189766407,-0.1957277209,-0.0373923779,1.6463274956,0.4922606051,-0.8594200611,0.9249032140,-2.0024294853,-0.8597465754,2.1654102802,0.1241623089,-1.1502758265,-1.3697831631,1.3142561913,-0.5464086533,-0.2707017660,-0.6970978379,0.7349858880,-0.3536268473,0.3232948780,-0.6354503632,-0.7652025819,-1.3236140013,-1.7585061789,-0.4663165212,-0.8982813954,-0.0146415280,-1.3851242065,0.1384279579,-0.0146888578,-0.2198000699,-3.9555878639,-1.2100596428,-0.4927867651,-0.8292371035,-0.5274388194,0.6664442420,3.1469101906,0.8437399864,-0.7751656771,1.1524548531,-1.7911982536,-0.0849213302,0.0839610994,0.5864933133,1.2337193489,-1.1728585958,-0.0021142156,0.5372778773,-1.6130820513,0.5665037632,-0.0213322360,-1.8941847086,-2.3051438332,0.3400992453,0.8307649493,-0.5556487441,1.6144672632,-0.3368383944,0.6055502295,-0.8341658711,-1.1889059544,0.3111247122,-1.2211993933,-2.4143171310,-1.7483232021,-0.5270383954,-0.0703065544,0.5385398865,0.6145116687,-2.6147782803,2.6486983299,-1.7895216942,0.3657677174,-1.0705120564,-0.9921486974,2.7033450603,0.7645602226,2.9041481018,-0.2316783220,-2.6105167866,-0.1014868841,-0.2207746059,-0.4969730675,0.3497707844,-0.9754805565,1.9367260933,0.6397987604,3.4234356880,0.8944352269,-2.4496474266,1.8245666027,0.1176958755,0.8815606236,0.0805544332,-0.1499623656,0.0629190505,-1.8912116289,1.4089438915,-0.6251558065,-1.4970828295,0.4817885756,-0.9530950189,1.2983468771,1.1575809717,-1.8061172962,-0.9723886251,0.0835897103,-0.3399477899,-1.9271596670,-1.0271488428,-0.3001556098,1.7008707523,-0.8853251934,0.7322423458,0.1726797074,2.3356416225,-0.8729567528,-2.8965141773,0.9230979681,-2.0312304497,1.7529929876,0.6133231521,-1.1950532198,1.7377974987,2.5738995075,1.9023808241,1.0846184492,0.7700242996,0.3785742521,-1.9373856783,0.8472117782,-1.9450842142,-0.0062547275,-2.3317105770,0.0767695308,-0.6772876978,-0.8567394018,-0.8019559383,0.5831038356,1.8062196970,-1.0726522207,3.5109803677,-0.2418220639,-0.3922394216,-1.8131844997,0.4825863540,0.3356800973,-2.2028279305,1.7673751116,0.6756390929,0.1655361205,-0.8798233271,-0.3026264310,2.2192497253,1.7432749271,0.4468469024,0.1607778221,0.5254158378,0.3198668361,1.6212655306,1.1894938946,-0.6420405507,-0.1027594507,-0.3090580106,-2.5683944225,2.6153664589,-0.7351186275,0.3027287424,1.0992112160,-0.6990578771,0.7544088960,0.2413122803,-0.1546278000,0.4012919664,1.6973863840,1.7539387941,-0.2979426384,2.0457506180,2.1103823185,1.8026190996,-0.2151663303,-1.2261368036,0.3251371980,-0.7128965259,0.1215575337,-1.8043924570,0.1263277680,-0.3414351940,0.9478882551,0.5260807276,-3.4387669563,-0.4668082297,2.2042129040,-0.7764260769,-0.6075049043,-1.5103671551,0.6518880129,1.1488827467,0.3314542174,-0.1775159389,-0.3446886837,1.3756922483,-0.2594101727,0.5150921941,-0.3537871242,0.9320509434,1.1879137754,-0.7073070407,1.8306039572,-1.6010677814,3.5030508041,-0.8233610988,-0.9959158301,1.1788855791,1.5444163084,-0.9544866681,1.6191227436,-2.3645970821,0.8853542805,-1.1875151396,0.8280956745,-0.6459316015,-0.7300960422,4.0253424644,-0.1331409067,-0.3670143783,1.2525740862,-0.2577087581,0.0507337861,-0.6210664511,1.3665741682,-1.3813800812,0.3601405621,1.7698934078,-2.8271963596,-0.2323552668,1.6383988857,-1.1179661751,1.9436089993,0.6623184085,0.1952492595,-1.8444745541,-0.4361554384,2.8827741146,1.2445579767,2.0914254189,0.1728432477,-0.1875041425,-0.3268533945,-2.4545819759,1.0916866064,-2.2725570202,-2.8150348663,1.3786268234,-0.9179762602,1.5303815603,3.2693867683,-0.2690905929,-0.8727809191,0.6101685166,-1.0295431614,-2.3729283810,1.1039766073,-0.8259057403,1.2046208382,-0.0207785722,-0.4334174097,2.1686787605,0.1422255933,1.9803676605,-0.0573624112,-1.2917925119,2.3132946491,0.2677798867,-2.4639430046,1.8357167244,-1.7798562050,-0.5094668865,-0.2723234594,-0.2650084496,-1.5214945078,0.6113455296,-0.7089062333,-0.5996419787,-1.2814989090,1.8440592289,-2.5064630508,0.2834095955,0.1724042743,2.0909965038,-0.9213150144,-0.5799216628,-0.7885909081,-1.4162302017,1.2670117617,-0.2481190711,-2.0026049614,2.5500607491,1.6898550987,-2.3028378487,1.1232268810,-0.6398276091,-1.4523993731,-1.1374638081,-1.2666563988,-0.1052290723,-1.9072197676,0.3506410122,-0.2035080194,-0.9691172242,0.0714983046,0.3196245432,2.6422028542,-0.2163632661,1.5729851723,0.0196543448,1.6378480196,0.0979952291,-0.8053908944,-0.2536921501,-0.7408803105,-2.5496876240,-0.0833556727,0.3631035686,-2.6019148827,-2.7332532406,1.5610225201,0.9137942791,2.1562983990,0.5651566386,3.1478788853,-1.6272678375,-0.4243086874,-0.1561658829,-2.2926888466,-2.4877712727,-1.2694512606,-1.1031401157,-0.2300768048,3.1626875401,1.1260722876,0.5068698525,0.8395708799]' WHERE rfid_tag = 'EMP006';
-- UPDATE employees SET face_embedding = '[-1.5533707142,-0.4915429056,0.2134135962,-1.5443234444,1.6297810078,0.9926395416,1.9713774920,-1.1617465019,-4.4149169922,-0.4104370773,0.0206691790,-3.0823071003,0.0565597862,0.0697312132,-0.5117849708,-3.4873075485,0.3999320567,-0.9053896666,-1.5643039942,0.7731209993,-2.5598278046,2.4909527302,-1.3109828234,-1.9528036118,-0.1703374684,0.6690410972,-0.4534846246,-0.4420813620,-2.9013848305,3.5172779560,-1.3517787457,0.8325629234,-0.0093010515,0.6593336463,-0.4050728679,1.2568786144,0.3210402727,0.5789441466,-1.7879047394,-1.2343735695,0.8451966643,-1.3906718493,-0.2349364311,0.8664636016,2.1521046162,0.5146309137,0.3132576048,0.8368389010,-1.9173896313,0.3110556304,2.6827621460,0.4265817106,-0.9994738698,-0.2412492931,-0.8930067420,1.1263178587,0.2544269860,1.3807600737,0.2645080984,-0.6916599274,1.4656733274,-0.2073017955,-0.7526369691,0.1062697917,-0.5716219544,-0.5082632899,-0.9253669381,0.1311785579,-0.8368210793,1.6811056137,2.3325033188,1.3574031591,-0.2738973796,0.5033242106,0.1343136728,-1.5386801958,-0.2181548774,0.1607492268,-0.1735272408,0.7204735875,-0.8616061211,-0.7692685723,-2.2745809555,-0.9420278072,-1.8933117390,-0.3304602206,2.6999893188,1.3680754900,0.3804991543,1.8400136232,0.1659432501,0.3682261109,0.1713619977,2.2792520523,-0.7529475689,-1.0152342319,0.1308603287,1.4415863752,1.3044594526,1.3810049295,-0.0805160627,2.5594635010,-0.6517095566,0.0011781591,1.0236624479,1.8888154030,-2.8710017204,3.4667530060,-0.5121176243,1.7123928070,-0.8729356527,1.5052887201,-0.1117481217,0.1232690588,0.1596636772,-1.7681344748,-0.5107781887,-0.5464852452,0.7579469681,-2.4089009762,1.3032877445,-1.5127418041,0.0563929901,-0.2516480684,-0.4933427274,0.0709868819,0.3477438092,-0.9858740568,0.3384538889,-0.6496161222,1.0255876780,2.1926333904,0.2928587794,1.5333076715,0.2737057507,0.2542155683,0.2446655929,1.1921241283,1.9307699203,0.5497342944,0.7840996981,1.2537053823,-0.9725006819,0.5283237100,1.4433691502,1.6750377417,0.8943806291,-1.8927662373,0.2389032096,-2.5598697662,-0.8469145894,-1.1485654116,-2.3820042610,2.1246194839,-1.1388967037,-0.8833414316,1.1843671799,0.6997694969,-0.5458050966,-1.8100576401,-2.8506808281,-1.3517081738,0.4141085446,-0.6137372255,0.3317817748,0.1255118251,0.6539311409,-1.5040596724,-0.0789159909,0.0590429008,-2.4253621101,-1.1679871082,1.1403462887,0.9941725135,1.5616000891,-0.6098842621,-0.8457359672,0.9727764726,-0.4375036359,1.5408972502,-2.1598312855,-1.3782228231,1.0651531219,0.3808446825,2.0288369656,-0.3172657192,-1.1567957401,-1.0062178373,0.7862316966,-0.2321740091,-2.3568689823,0.2029643357,-3.3082404137,0.7031852603,-0.5535542965,-0.1573776752,0.6579040289,-1.8577287197,0.1117663458,-0.8322070241,-0.1780453324,-0.8374382854,-1.3870124817,-2.4172585011,0.6339191794,0.7756173611,2.0540180206,1.4986441135,1.3964966536,-1.4977444410,1.1662070751,-1.7534453869,-0.3204374015,-0.1361488849,-0.4669970274,-0.5882683396,-0.3858163655,-2.9915471077,-2.2264542580,-1.0694706440,-2.8304686546,0.2955932915,-0.4327087402,-2.3486654758,-0.1265031397,0.8288756609,-0.0375618264,0.1717806458,-1.8545306921,1.1140774488,-0.3054009974,0.5076264143,-2.7584078312,0.3440732360,-1.6755818129,-0.8061556816,1.4546625614,0.4061555862,-2.3041734695,1.8687732220,-1.4988882542,0.2938792408,-1.3162188530,0.3678700030,0.7951228023,-0.2930541039,-1.1372188330,1.6082022190,0.3386457264,-0.7613590956,-0.3218618333,0.6760644317,-0.6775220037,-0.6400669217,1.7185932398,0.5033195019,0.1355050504,-0.9081345201,-1.2390291691,0.7507789731,0.8286478519,-1.6757711172,-1.3279829025,0.1240811273,0.3480642140,-1.1758095026,-0.9149801135,-2.2313868999,0.0915740579,0.3140882850,0.0045626448,-0.4288179278,2.0144526958,1.0359495878,-0.2008817643,-3.1925137043,-1.1575609446,-3.1824657917,0.6990078092,0.0263995975,-0.7940986753,1.0709396601,1.6068713665,-0.1316969544,-0.5284373164,-1.7304652929,-1.5600918531,1.6312704086,-0.0059408555,1.0007897615,-0.4717655182,-3.6774861813,-2.1021957397,-1.3822703362,0.4769176841,2.0455384254,0.8556475639,-1.6481927633,1.1893613338,0.0402923748,-1.2934842110,3.4570560455,-0.0594992526,1.4039844275,-0.2523781359,1.1768598557,0.2585709989,2.7983415127,1.7371668816,0.9570845366,-1.6008497477,0.4169119000,2.0584285259,0.0788049176,1.1490337849,-0.7905485034,0.1819554120,0.7548413873,1.0783209801,-2.0857570171,-0.2392157912,0.6193606853,-1.4291152954,0.7250788212,-0.9541037679,-1.2118049860,0.2195487916,-1.1746207476,-0.1876470447,1.5139245987,-1.9394730330,-1.0539683104,-1.2658945322,-1.0752227306,-1.3496381044,-0.2289538831,1.2335733175,-1.6597735882,-0.8072021008,0.2944551706,1.1933389902,-0.3305974007,2.3592185974,0.5677649975,0.5870922804,0.4888547659,1.2476340532,-1.1281177998,0.7056116462,2.1525535583,-0.6631957293,-3.1435902119,-1.0392169952,-1.0537376404,-1.7007957697,1.9934254885,-1.4779928923,0.0690504238,-0.2658455670,0.0270808451,-0.8272033334,0.5834524632,0.2305346429,1.4548676014,-0.2423323840,-1.9569491148,1.3093119860,-0.8805977702,-0.2437487394,-0.0054279906,0.3291042447,-0.3823426366,-0.2150565088,1.6874767542,-0.2084710449,1.0076404810,0.3908742368,0.8518832922,-0.5609396100,3.4785511494,1.7917327881,-2.3703043461,-1.3455048800,0.1395477355,-1.0198460817,0.2898454964,-0.2892471552,-0.6551839113,-0.4592731297,1.0753909349,-1.2049905062,-0.8422891498,2.8155686855,2.9732859135,-0.1614928693,-2.9772865772,-0.7101473808,0.2534490526,-2.3655655384,-0.6650676727,-1.9071686268,0.5018218160,1.2794071436,-0.0942779407,2.3974795341,-0.7064835429,0.4174568951,0.7955968976,-1.1292747259,-2.8052666187,-0.1929097623,-0.2677818835,0.5409180522,-1.7978405952,0.1517952532,-2.4499421120,0.4457383752,-0.2772698402,-1.0522514582,-1.4667060375,-0.5750716329,-0.5778875947,1.7640278339,-1.0617746115,0.5396925807,2.8494815826,-0.8446041346,-1.5863910913,2.1392803192,-0.3942982554,-1.4721977711,-2.0737490654,-1.4132155180,0.0473485440,-1.7495076656,1.3600800037,1.1618125439,0.3620263934,-0.3612545133,0.7737150192,-0.5213273168,-0.7884231210,-1.8255187273,-0.4598050117,0.2156940550,0.5827798247,-0.7425194979,0.0299609974,1.2401484251,1.2970938683,-0.7193396091,-2.6047115326,2.5249249935,1.0679129362,1.3117671013,1.0562962294,-1.4333692789,1.8028866053,0.0275811646,-0.8006464243,-1.3415259123,0.6395657659,-0.8741620779,0.3391829729,-4.2300510406,-0.7657577991,1.2180728912,-2.9267475605,0.2265055180,1.3536756039,-3.1702160835,0.5777530074,-2.3012545109,-1.3412503004,-1.3424828053,0.5847058296,2.7345604897,0.2231105119,0.5023778677,1.7626378536,-0.9903063774,1.2900204659,-0.9717850089,-0.0636407956,-1.4646977186,-1.2076487541,0.7449243665,0.9240576625,1.7343350649,-0.1403275430,1.6317738295,-2.8475103378,1.3401049376,-0.3693509996,-1.4339281321,-1.5491081476,-0.1164274812,2.3946082592,0.6285102963,1.7908478975,1.8278661966,-0.3471537232,-1.5908200741,-0.2992734909,-0.8888069391,1.7049875259,-0.5373518467,0.4674681425,1.3600114584,0.7330997586,0.4992827773,2.0620281696]' WHERE rfid_tag = 'EMP008';
-- UPDATE employees SET face_embedding = '[-0.4120703042,-0.1343486905,-1.5541460514,0.4129095972,1.6911745071,1.8565626144,-0.7836025953,-1.1924607754,-0.9200895429,-0.2979235649,-2.7214348316,-1.8564823866,2.8248696327,1.3159145117,-1.2317551374,-0.7774891853,-1.3756458759,1.0043866634,-0.4178914428,0.6212201715,-1.0277159214,2.0637280941,-1.7480993271,2.3634274006,-2.0301742554,-1.2800753117,0.8220180273,2.2502326965,-0.7623705864,1.9940904379,-1.0209380388,-0.5447294116,4.6669721603,1.1306514740,-1.7811065912,1.5838170052,5.3443574905,1.0802688599,-0.0683161244,-1.9747896194,0.4376713932,-0.6045246720,-0.4386163950,2.1798012257,0.0863597766,1.6602516174,3.2967851162,-2.1724939346,0.4640112817,1.7825983763,-1.8076062202,1.1386162043,-1.2100493908,-0.5593991280,2.9324533939,1.7295862436,-1.6288459301,0.1118424907,-2.9240012169,-2.4060518742,1.8044563532,-2.0515019894,-0.4834137559,1.0625708103,-1.3647322655,-0.0145985018,0.4664431810,0.7735199332,2.4205403328,0.8046406507,2.3922851086,-0.1367859691,0.0610862263,3.0622148514,0.7547627091,-0.3671978116,0.3597586751,2.1617047787,-1.6781835556,-2.6689076424,-0.8758537769,0.3892860711,-0.3576048315,1.9028602839,-0.3459393084,1.6016176939,0.8573592305,0.2797433436,0.8229830265,4.2701745033,2.0452547073,1.3006727695,-0.4606837034,-0.1379273534,-0.8802096248,0.3497465849,-1.2025618553,-2.1018874645,-1.9246292114,-2.7726986408,-1.0815269947,0.7336372733,-1.4575612545,-3.1440229416,2.0862786770,-1.6706432104,-0.0925819203,0.8720352054,-0.4656518698,1.7896734476,-0.1202737466,-0.2777790129,-1.9061710835,-1.9226288795,-0.6028851867,0.7072923183,0.3315318525,-0.2745058239,0.6556939483,2.5038487911,0.0781949461,0.0799112394,1.0841563940,0.2084482312,-1.6051667929,0.5639414191,-2.8674254417,-1.7092944384,0.3067700267,0.8738451600,-2.3071973324,0.5843681693,1.4535343647,-2.9142475128,2.0869674683,-2.3486471176,2.6935369968,-0.5005162954,0.7231318951,0.1652093083,1.4426524639,-3.4257450104,1.0098502636,-1.2514011860,0.2742385566,-1.4149547815,0.8842455745,2.0205323696,0.1886235178,2.6190071106,-1.8001822233,-2.6963946819,1.7089246511,0.4241209626,0.1846434921,2.0088803768,0.9798290730,0.1189447865,1.2942661047,-1.1288120747,-1.9868602753,-0.5336314440,0.5631985068,0.7707625031,1.9462382793,-1.0810998678,0.3655290902,0.4757855535,-0.0344999693,-0.7348152995,0.4581095874,1.4822432995,0.3488372564,-1.4332931042,-0.0798195451,-0.2589867115,-0.6969188452,0.0466827676,-2.3530020714,-2.3144416809,-0.3916292489,-0.2638194859,1.0296652317,-0.4381644726,-1.7399131060,-0.1774619222,0.1871923208,0.9178351164,-0.3110719919,-3.9766290188,-1.9504063129,-0.4125802219,-1.0865573883,0.9437109828,2.6914370060,-2.7361786366,2.4166331291,-1.5521621704,3.4198238850,-2.2236881256,-0.2764756978,1.2589906454,1.4166170359,-0.0067735063,1.6553006172,2.4119274616,-2.2145960331,0.5976741314,0.4482726455,-1.5668634176,1.9548213482,-1.2748365402,0.5454469919,-0.9072619677,0.0121882921,-1.2237811089,-1.5265692472,-2.5654766560,-2.1402342319,0.6377468109,-3.3250691891,1.0897653103,-0.3014255166,-1.1662194729,1.7317217588,3.1382284164,1.0557385683,2.7241406441,-1.5777871609,0.1130092815,-0.7081704736,0.4587965310,-0.6420977116,-0.9315756559,-0.2783387899,0.3907597959,1.1952987909,1.0504789352,-3.0694937706,2.1757607460,-1.2478148937,-1.9891195297,-2.2721443176,2.3195772171,0.0444553643,-0.6723338962,-0.5283665657,-2.6480188370,-1.9747343063,-0.6069540381,1.8521341085,-1.2101390362,-4.2565646172,-0.1426762342,0.1681521833,0.0837322474,2.2998414040,-0.9607268572,-2.6057896614,-0.0953800008,-2.4529917240,-1.0605914593,2.5761988163,0.7337153554,-1.9105130434,-1.3084683418,0.8488303423,-0.7422281504,0.5681064725,1.1484684944,2.0589838028,0.8852381706,-2.0615673065,1.0893385410,0.0900125131,0.4632560015,-0.6139213443,-1.1938183308,-0.8785154819,-0.1562935710,-0.5059369802,0.7920457721,2.9807236195,-1.6124912500,-1.2098289728,-0.2843967080,-4.3031206131,0.6595808864,-3.0720090866,0.9029445052,-1.7243180275,-0.0062878206,-0.0940940082,-1.4595729113,2.4313690662,1.8429117203,2.0465214252,-1.8406929970,-0.9463365674,-0.1673165113,-1.3456875086,1.3735796213,-0.5035213828,1.0563893318,-0.5129672289,0.8505342007,-0.1034542993,0.7006880045,2.6494457722,-0.2684179544,1.9628843069,3.0570323467,0.3386162519,-3.0289790630,-0.1743162572,2.1777555943,-3.3566308022,0.3925747871,2.5630183220,-0.3934685588,-2.1498537064,-2.3055341244,0.4390447140,1.3313863277,-0.2795043290,1.9626924992,-1.0814920664,-1.5464779139,3.5734503269,-1.4142309427,-2.8961923122,-0.6684882045,3.2063694000,-1.9964287281,1.4669996500,-1.1308814287,-0.3216813207,0.4313597083,-0.0529177263,1.6891912222,0.4088572264,-0.7006815672,-0.0916152298,0.5008315444,3.4507939816,3.3627650738,1.0069220066,2.4256253242,-0.0837327614,-1.0774254799,0.1455708146,-1.7930848598,-0.5779065490,0.9870277643,-2.2746083736,0.2063172609,-1.5057866573,2.5058181286,-0.2973060310,-2.8623154163,-0.4460462928,-0.5033779144,-1.2949242592,-0.1564733088,-1.7750982046,1.4454113245,-0.2582782805,-0.0620231479,-0.8090791106,-1.0560908318,0.4467771053,0.8892489672,-0.8888530135,3.9385640621,1.1740717888,1.7168219090,1.6306042671,-0.0511869602,-1.7860056162,2.1730046272,0.1644548476,-1.2009121180,1.9367940426,1.9570451975,-1.5372250080,1.2827613354,-0.0347886309,-1.9184724092,0.6922349334,0.5274334550,-0.6272053719,-2.1458616257,6.0936212540,1.5237444639,-0.3294215202,0.1124487892,0.7150474191,-2.6027262211,1.1791878939,1.1787133217,-0.1381721050,0.3481737375,5.4014010429,-3.1586260796,-0.2692102790,0.1548382044,0.6397227049,-0.5215290785,0.3086922765,-0.7158100009,-3.1829476357,1.5640219450,3.0250463486,-0.3007692397,3.1832368374,-1.1497309208,2.8151845932,0.8793331385,-0.2077189833,0.7640212774,0.9944174290,-0.8361158371,1.5891460180,-1.3905522823,3.6625919342,0.3460018039,0.6401095390,-0.9976891279,0.1012197956,-1.4161736965,1.7112139463,-0.2437116355,-3.5427212715,2.9112992287,-1.0017865896,0.4224324822,1.4098194838,3.8067617416,-0.1977920830,0.2441828251,1.1250050068,3.7149024010,0.2139718980,0.5203968287,0.3086474538,0.7679266334,1.0489019156,-1.1177153587,2.0145962238,2.5760440826,0.6211840510,-0.7393772006,1.3031001091,0.0965954140,0.0370577946,-1.0328185558,-2.2505576611,-2.0833241940,1.6780872345,1.2979294062,1.7705364227,1.3093719482,0.7795646787,0.1905399859,-1.0626056194,-0.5630130172,-0.5772546530,2.2804541588,0.2584961653,-0.4439835846,-1.6175906658,0.4915763438,-2.1364748478,-0.1363439262,-1.0002784729,0.1718411297,-1.1379251480,0.4302124083,-1.2671797276,-2.1065073013,0.4012753963,1.6367791891,0.3127453923,-1.6352546215,1.1382853985,-0.0792962089,0.0369325913,1.1714063883,0.7952877283,-1.4632664919,1.6637181044,-1.1814880371,0.6032302380,-0.4469578266,-2.1487369537,-1.2477182150,0.5578265190,1.5210620165,2.3676571846,0.1831785142,-0.1835824549,0.1090574786,0.8411161304,0.3908168674,-1.9639141560,-0.1899363250,-3.7166166306,-0.3772926033,2.1770222187,-0.6636640429,0.4249340594,0.7707034945]' WHERE rfid_tag = 'EMP009';
-- UPDATE employees SET face_embedding = '[-2.7978680134,-2.4847743511,-0.3869687617,-0.6529772282,2.5263488293,2.0893068314,0.3920072913,0.8746589422,-0.3488122225,1.2088272572,1.4264928102,2.6297373772,3.0158860683,-0.1861443669,-1.7138648033,-2.8341841698,0.3618167937,-0.5448287129,0.3223381639,-0.7944713831,-3.2615745068,2.8354451656,0.2936187387,0.8048247695,1.4004526138,-1.6924579144,-0.9389733672,2.5489716530,1.3731927872,1.2686032057,0.0531782657,-0.0982009545,2.2588868141,-0.3916257322,0.3410302699,0.1207450032,0.0789160430,-0.1966965646,-0.6947804689,-0.6664842367,-0.4427200556,0.6906533837,1.5192930698,-1.6261465549,1.2474157810,-0.3648399115,1.6464817524,-1.1512466669,-0.9730497003,0.7232769132,3.6650221348,0.2462188452,-1.3388466835,-1.7087802887,-2.5933496952,0.9558059573,1.0189549923,1.9430128336,-1.5288269520,2.4845833778,-1.4153726101,-2.8305935860,-1.0719764233,3.1182262897,-0.1595838964,0.3036221862,-0.3743003011,-0.5061214566,1.4514682293,1.7955657244,3.1559703350,1.4310991764,-0.9399559498,0.3864989281,-0.7061144114,-0.0053857267,-1.1293275356,0.3322043121,-3.0285949707,-2.3886840343,2.4317610264,-0.2308672220,-0.4804773927,1.2474740744,-0.6598985791,0.7723494768,-0.7360370159,0.7938461304,1.1034297943,1.2802211046,0.9362316728,-0.1198785007,0.9906405807,2.2702052593,0.2657496333,0.4550032020,-1.7930122614,-1.4220448732,-1.1163409948,-0.1277696192,-0.1344262213,-0.8781640530,-0.8071172237,-0.3865796626,-0.1121187210,-2.6181819439,0.1133159995,0.7945559025,-0.6756569147,1.8694496155,-0.6958094239,1.5831215382,1.5504102707,0.7415280342,1.2388837337,-1.5167509317,0.1565870196,-0.5379160047,-1.1586104631,-1.4679358006,1.4258880615,-1.6428971291,1.7067916393,0.8954481483,-0.1037724540,0.4445596039,-2.3599610329,-1.5101836920,-1.4333982468,-2.4683599472,-2.5816903114,1.9865853786,-2.1531841755,0.4200889170,-0.2049580365,0.7643346786,1.9751209021,0.8957849145,-2.5858895779,1.6883151531,-0.2496419102,-0.5583373904,-0.1000289991,1.7128678560,1.7164789438,-0.6632991433,1.0011521578,2.6705863476,3.4966809750,4.0494427681,1.2422088385,-0.5559203029,2.9976799488,0.1468782425,-0.3401609063,-0.5100470781,0.6497671604,0.4392926991,0.6493360400,0.6821637750,-1.7092108727,-1.8194571733,-1.7612031698,-1.1766039133,-2.4122500420,-0.3007948399,-0.7486833930,3.2013127804,0.9909411669,0.3957719207,1.1145157814,1.3800185919,-0.9151123166,-0.5466805100,3.0737547874,0.9420370460,1.1922227144,1.4879207611,-1.5581557751,-2.1759700775,2.9475224018,1.7354075909,1.0897253752,0.6681499481,0.3395627141,-0.1488219947,-2.9639956951,-0.1859756708,-0.2075855285,1.2762433290,-1.3984198570,-0.6444746256,0.0465052128,-1.1553833485,-0.9725952744,-3.2518246174,0.0809275806,-1.8368116617,-0.6413406134,-0.4445593357,0.2249902636,1.3103832006,-0.3962210715,-0.2110553235,-0.0658968836,-0.5071651936,1.6489259005,1.0398542881,-0.1309748143,-2.7882888317,3.5928232670,-2.7228622437,1.8605971336,-1.4965802431,-1.2895811796,-1.9822567701,0.2621952891,-0.9921320081,1.4463980198,-2.3469438553,-0.9461055398,-0.1700224578,0.8786721230,-0.0502233803,1.4788966179,0.9242813587,3.6472284794,0.0275188237,-0.6272103786,-1.1452846527,-0.3102731705,3.1244001389,-2.2580993176,0.0912825689,-1.3405555487,0.1826360375,-0.2220472544,-1.6724808216,-1.0413299799,4.0138874054,0.4337577820,0.3183661699,0.5045580268,-0.5307774544,-2.1049010754,0.0894670039,-1.2846460342,-0.2218821794,0.8749352098,0.9270625114,0.1152338386,-0.7740165591,-0.0538760796,1.1783407927,1.1937519312,-0.7023226023,0.6804906130,-1.3269860744,-0.1208912134,-0.9667097926,0.6176350713,-2.2782986164,-0.0317850597,2.6384902000,-1.8968772888,-0.2882873714,-2.1207845211,-0.5292527080,-1.3336393833,0.5117424130,-1.6688306332,1.1835992336,0.8536834121,3.5169110298,0.5909675956,-0.9793602824,0.5930505991,-1.3156172037,1.5784306526,-0.4943001270,0.5920009613,-0.3225672841,0.7101306319,-3.5880501270,0.8241046071,1.8780424595,-2.4698214531,2.5322787762,-0.9532407522,-0.1195868701,-1.0987282991,-0.4313427508,3.2500889301,0.9924594164,2.6279094219,1.8263080120,-0.0287139043,-0.0726305172,-1.2096089125,-0.5136876702,-2.9954547882,0.3628469706,-1.4504420757,-0.7117996812,-1.4404753447,3.6932640076,0.0156570692,1.8683987856,1.6993441582,-0.3774835169,1.0373733044,-2.1318395138,0.6777327657,0.3833287656,1.4869849682,1.3937096596,0.2667941749,0.3828751445,1.5579379797,0.2445812970,1.1878458261,-1.1635569334,-0.9394953251,2.9898726940,1.9253849983,1.3487813473,-0.4378704131,-1.5515549183,-1.1195493937,2.0535027981,-1.0493162870,-1.2552022934,-1.0349684954,-0.6758139729,-0.6205408573,0.9668579102,0.3094234467,-0.4559674263,-0.2735094428,-0.7785898447,2.8755283356,1.6995290518,1.9056366682,-1.2360042334,2.0043137074,0.6431580186,0.1838774830,1.1008908749,0.4912540615,0.0421597883,-0.9337832928,-1.6384655237,0.7629936934,0.1065370813,-1.6580057144,-0.2989807427,-1.1171712875,0.4205486774,0.0762297362,0.5056180358,-1.8699525595,1.6639035940,1.9607889652,1.6340293884,0.7575143576,-0.3751881123,0.2568887770,-0.4965741038,-3.1797215939,1.1246173382,0.3432328105,-0.9140454531,-0.8252910972,1.4901044369,0.7335277796,-0.1072315574,-0.6171711683,-0.4426650703,-1.4434959888,1.4799050093,2.1316006184,-0.4798809886,-1.1195256710,4.2830967903,-0.3206749558,0.7362731695,0.2322554141,-1.1684626341,0.9994289279,1.3043709993,1.1933060884,-0.3825711012,3.2368836403,-0.3561160564,0.7855812311,-0.2102769166,0.2823958695,-1.9618668556,-1.5180062056,1.4346832037,1.3513627052,-0.6787343621,-0.0539896116,-0.2991718054,1.1194678545,0.2467751950,0.9524770975,-1.7367682457,0.0823238343,1.6064001322,-1.8500490189,0.5144363046,2.8901603222,0.3682126999,3.3466880322,-0.0076364558,0.5792051554,-0.5437474847,-1.1329731941,1.3832544088,-0.0369005203,-0.7988877892,-0.4661645889,-1.8931177855,-0.4609827399,5.6070194244,-0.1837946177,-1.2578502893,0.2315526009,-1.2641495466,0.6649554968,-2.5477771759,-0.0438624695,-0.5973502994,-1.3619153500,1.3609936237,1.0890059471,-0.1517728418,0.2467803359,-2.3354866505,-0.6955357194,-0.8460887671,-2.9918892384,-2.3984868526,-0.0720425695,0.0779358447,0.2062065303,1.1757344007,-0.5715732574,1.7647358179,-2.2554655075,-0.4051296115,0.6187189221,0.8002470136,1.5183176994,2.2219896317,-0.0782711655,3.3126802444,-1.6882222891,2.8694579601,-1.2761557102,1.8653692007,1.7372467518,1.0629054308,0.2346281260,0.5785756111,0.4494643807,1.6085788012,-0.6596761346,0.8165225387,-3.6701231003,0.8329548240,-0.6317394376,-0.8130735159,-0.9636294842,3.8128106594,2.6361293793,0.3451556563,1.9844563007,-2.0709459782,-1.6067819595,2.1149637699,-0.2685532570,0.3252453506,0.7524672151,-0.4359822869,-0.3051801324,1.1453598738,-1.0645960569,-0.7436311841,2.3303451538,-1.5927027464,-1.5022854805,0.9664541483,-2.7844834328,-0.4641716480,-1.5859682560,-0.2061286420,2.4352056980,-2.5250177383,-1.0391201973,0.5367264152,-1.4103679657,-0.8547865748,-1.9222856760,1.3970805407,0.5446457863,0.4421898127,-1.3858866692,-0.4009717107,1.8790583611,-0.9369333982]' WHERE rfid_tag = 'EMP020';
-- UPDATE employees SET face_embedding = '[-2.1530008316,-0.7466320992,0.6399667263,-0.1681775451,1.9855287075,1.8177880049,3.1722352505,-0.0594088323,-3.5288882256,1.6029267311,-0.8045352101,-2.5138001442,0.7426480651,1.0728642941,-0.1563048810,-0.3090008199,0.9901063442,-0.1642826051,-0.8271998763,2.0888173580,0.6299270988,-1.7291268110,0.7689228654,0.7586987615,0.3859612346,-1.1084605455,0.6282497048,-2.2707169056,-4.2255783081,0.7720284462,-0.2097535729,-3.7281324863,-0.2790860534,1.6167155504,0.1907180846,1.1203279495,-1.5931943655,1.1882361174,-1.6848098040,1.4731669426,0.8984826803,-2.6942598820,2.0102744102,-1.6058932543,-0.6933916211,-0.6516340375,-1.2922976017,-1.9168298244,-1.3644738197,-1.9001636505,2.1700725555,1.2285091877,-0.9494535923,0.2145843059,0.6937947869,0.9385098815,0.4637504816,-2.0420448780,-1.5486649275,1.1494028568,1.7935743332,0.4018629193,0.3098026514,0.3244124055,0.5278480053,0.1240696833,-1.2380106449,1.4606428146,-0.8364498019,0.0339137428,-1.6869086027,2.1952581406,0.4821313322,0.1929255724,0.8498177528,2.1263766289,-0.9658962488,-2.1087954044,-1.2533752918,1.7494012117,-2.4807083607,1.3090492487,-3.0792284012,0.6950072050,-0.1420743018,-1.9103611708,1.3347184658,0.6478067636,1.3857340813,2.5154128075,1.9783726931,1.2928006649,3.6607770920,-1.5458065271,-3.5090434551,1.0993363857,-1.5017889738,1.7013580799,0.2862311304,1.3673161268,-2.8050916195,-0.9084370732,1.0001907349,-2.4528410435,-1.6953297853,-2.0905182362,0.4666186571,-1.3605418205,0.5144898295,-0.5897464156,-0.9980803132,2.7394831181,-0.3223744631,0.1318594217,-1.9840567112,1.8236011267,1.1041096449,1.2866909504,0.5676607490,-4.1289424896,1.6652172804,-0.2470768988,0.7416102290,0.0285065379,0.9752689004,1.2299628258,-2.0596117973,1.8333382607,-1.5041271448,-0.2316714823,0.2339935750,1.5198875666,-1.4462890625,0.4144695401,-3.7411077023,0.9757997990,0.1901397854,-0.2613004744,1.1104605198,-2.5733952522,-2.1803681850,1.3465470076,-1.2484186888,0.8091887832,0.0812674016,-0.8621845841,0.3370795548,-1.6174484491,0.0962139070,-2.1618881226,-1.7453567982,1.9138985872,2.0028042793,0.1156563684,-0.7651132345,2.7928631306,0.1090097204,0.8582437634,-0.2211183459,0.1172534823,0.4599434137,-0.1837446392,2.0131490231,2.9675118923,-0.0036775097,1.3759832382,0.8398794532,-0.6546158791,-1.5663168430,0.0052934587,-0.1270510405,3.8686769009,0.4062181115,1.1266266108,0.2459740639,-0.1844860315,-1.5185850859,3.1472997665,4.7113795280,2.2987899780,0.0205124654,-2.1618490219,-0.1358698606,-1.2486195564,-1.7924320698,-0.1712723672,-3.1468248367,-0.2458189577,0.6582305431,-0.1987167299,-1.1683008671,-1.9409562349,-2.5148224831,-2.3674476147,1.6733527184,-0.7906756401,1.9168734550,0.6542987823,0.1086210981,-0.3163073957,0.6799598932,-1.4162102938,-0.1461753994,-1.0876196623,0.7405343056,-0.3704593480,1.9165513515,0.5205029845,-1.0254877806,-3.5286340714,1.5863773823,0.9232842326,1.0350114107,-1.1834261417,0.3829991221,-2.5122075081,0.2274765223,-0.8994264007,-0.3328185976,-0.0266243275,0.2037629038,0.0317983776,1.0620560646,-4.9025907516,-2.1982383728,0.3946991861,-0.0836005807,-0.5946730971,0.5813143849,-0.0233370010,-1.1059015989,1.6306365728,-2.8466999531,-1.3037275076,0.9445868134,-0.2801611423,0.9112516046,4.0000114441,-1.4370630980,1.1510139704,1.3414181471,-0.0093887663,0.5165898204,-1.1827373505,-0.9299380183,0.1156004369,-1.1263661385,0.9522999525,-0.2585261166,-0.5850849152,0.7323634028,0.6195202470,0.4408916235,1.6152980328,0.5472156405,1.1610229015,0.7389217019,-2.0333118439,-1.4738764763,1.8757932186,1.3792698383,0.8755767345,-0.4104560912,-1.2883725166,-1.6641750336,-0.8101868629,-0.1178067699,1.0505193472,-0.9684949517,-0.1000125632,-0.9831824899,-1.1453742981,1.0884919167,1.5890001059,-0.7118862867,-2.3429884911,0.0448224619,-2.2479376793,-1.4994903803,0.1034685373,1.4555764198,1.8311127424,1.6321364641,0.9213455915,0.2137959599,1.5153830051,-0.3931587934,2.0341191292,-0.2717235684,-1.7544846535,-1.4977481365,1.9807921648,-0.7248868942,0.3434654474,-0.1531106532,1.6814060211,1.5426316261,0.3606569171,2.9997198582,1.3054347038,0.2983105481,1.3631526232,-2.3771131039,0.7875016332,0.2974871099,1.6277711391,1.3519862890,-0.6028357148,0.9979879260,-1.3967193365,-0.3493592441,-0.0944282413,-1.6534326077,0.0093588568,1.0517864227,-1.4144353867,-0.5628847480,-2.4585022926,1.5272717476,0.4184123576,2.5214395523,2.7307333946,0.5229250193,-1.4843708277,-2.1976490021,-0.2773516178,-0.9647257328,0.9163304567,-0.9190258980,0.8370863199,3.2046439648,0.9292789102,-0.8130940795,0.8943414092,-2.4326362610,-1.4556782246,-1.5351586342,-0.2094384730,-0.1011088267,-0.0544389561,-1.1423677206,-0.3211298585,-2.1375958920,0.2689297199,3.7057335377,-0.1296269894,4.1642818451,-1.1082565784,1.2228289843,0.0614401922,1.8125529289,-1.1156870127,-0.3255011439,0.5109251738,-2.3675463200,2.6579265594,0.7239855528,1.7238276005,-0.1458104402,0.0927408487,1.5517750978,-1.2020956278,0.2924663723,-2.8098051548,1.1656364202,0.0692567676,1.6921359301,-0.2740449309,-0.4303292632,-0.9173229933,-1.9408611059,0.8969849944,-0.0354371518,2.7943475246,1.1187318563,-0.3209193051,0.2794533670,-2.4439294338,2.8704924583,2.4207139015,0.7405073047,-1.7655577660,-2.1778748035,2.0725703239,0.0768286288,-0.9108223915,-1.2016195059,0.4044052660,0.2418532968,2.1613013744,0.9982877970,1.4986342192,3.4204733372,-1.9617977142,0.3297325373,-2.2969796658,-0.2522102594,1.5298619270,-0.1609674692,0.8649595976,-1.4127789736,-0.6981459260,-2.8364586830,-1.4398036003,0.4659612477,1.2161478996,0.8930173516,-2.1996357441,0.1156472713,-1.5472658873,-2.6767749786,-0.1670987308,3.4629712105,0.1259599328,-0.8343749046,1.8299845457,1.8007894754,-0.8330853581,-1.8744026423,1.5435227156,0.1379193664,0.1069916859,1.6762431860,-3.4907295704,0.2214000523,1.4906696081,-0.1149163842,-0.5623146892,2.5853950977,-3.7239253521,1.7944296598,0.1984046698,-0.9470777512,1.1593155861,-0.6770258546,1.1733410358,2.0281305313,1.6164023876,1.4905949831,0.5310503840,-3.0831985474,-2.9518582821,-1.7575550079,1.0967429876,-1.0395151377,-2.1833095551,-0.6699115634,0.0493269265,-1.5056058168,0.6705396175,-3.5260601044,-0.5890009403,1.3224525452,-0.4917616844,1.0099958181,0.4708388746,-1.8652846813,-0.9142566919,0.6217503548,-2.5975654125,-0.9533995986,0.0102818906,-0.6950572729,1.3576750755,-0.3112322688,-1.3436602354,1.0297796726,-2.1639213562,-0.9689421654,0.1387765557,0.4058284760,-2.2291889191,-2.1432120800,-1.4604088068,0.4531933963,1.5472823381,1.1071255207,2.4262149334,-0.2697541714,2.2789199352,0.4854314327,0.5820736289,-0.2477322072,-0.5996764302,1.3292890787,1.9307459593,1.9153237343,1.9438599348,2.1621024609,-2.1397848129,1.7268731594,-0.1416993737,0.5097838640,-0.9981125593,-1.4142404795,-0.4203137755,-3.0482807159,4.7225842476,-0.0292059556,2.0434241295,3.8149256706,-1.0677088499,1.4900646210,1.6645276546,0.7194229364,1.0245817900,-2.3411827087,0.0194438286,-0.1657676846,0.4104916155,1.7198653221,3.8461515903]' WHERE rfid_tag = 'EMP021';
-- UPDATE employees SET face_embedding = '[-1.0153018236,3.4475376606,1.9811471701,-1.2929711342,-0.2258189619,0.4761044383,-0.7402015328,-1.1093173027,-0.2327199578,-0.2470696568,0.5237568021,-0.5459645987,0.0238917321,1.4699261189,-1.4460780621,1.3045654297,-0.9606210589,-1.9592924118,0.8020710945,1.1732040644,-0.7177073956,-0.0382591262,0.7582026124,-1.1110552549,1.1437036991,0.2020414025,-0.0223737732,-1.5916641951,-2.1167891026,-1.1534878016,-0.6170624495,-0.2882344127,1.5060503483,0.6748994589,-0.1571357399,-3.4278995991,-1.7313473225,-0.1873816848,-1.3259185553,-2.0155358315,1.4903378487,-0.5513586998,-1.3583853245,1.2811536789,-0.3920113742,-2.1174595356,-1.4035665989,-0.3823336363,0.2786531150,0.4349874258,2.0457847118,1.5760719776,-1.9381276369,0.5009267330,-1.0302602053,1.2003766298,-0.0366252698,1.1627227068,-0.5704050660,-1.8805158138,-0.1091760993,2.0916144848,2.6694321632,0.9161047935,-0.3565919995,0.0899404585,0.0468683913,-0.6083213091,0.5529703498,2.3358542919,0.1071535870,-0.6944263577,2.7116985321,0.8935392499,1.7169048786,1.2511564493,-0.0396929793,-1.3838105202,-0.8780727983,1.0102087259,0.6722281575,-0.4499872625,-1.6584180593,0.0490605421,-0.2939953208,0.6674855947,-1.1630101204,-1.9222511053,2.6070442200,1.6151570082,1.7149140835,-0.0664196387,2.4497711658,-2.4572696686,-0.5961124301,-1.1846123934,2.1279511452,1.0281113386,0.0178815238,0.7679214478,-0.9669777155,-1.2730072737,0.7914311290,-2.3593919277,0.3927491903,0.7405350208,0.1641913056,2.1266510487,-1.0947707891,-0.6676698327,0.3903357983,-0.9611756802,-1.4470545053,-0.6596735716,0.5191733241,0.0310326889,1.3527836800,-2.2263805866,0.7939513922,1.1057125330,-0.3141958416,0.0631761923,1.9176217318,-1.7606296539,-0.8497040868,0.9463324547,-1.4234533310,2.5657215118,0.0722660646,-0.8207334876,0.2247383893,0.6027591228,-1.0127553940,-1.0692623854,0.6540985107,0.8414484262,0.2384756058,-1.8351666927,0.8481200933,1.8264753819,-2.5689356327,0.6825973392,-1.1042779684,1.2567418814,-0.1018751264,-1.6377201080,1.1087121964,1.2908720970,-0.4053635597,0.3953888118,-2.4349074364,-0.6630586982,0.1227484420,0.9815835953,2.2058746815,1.0271598101,-1.2101461887,-1.2656806707,0.0039258637,-0.5972114205,-1.5638234615,1.5784410238,1.0928363800,1.7845269442,0.9354351759,-1.9023085833,-0.3833488524,-1.3331702948,-0.8337277174,-0.6414933801,0.0065655466,-3.1381144524,0.4031590819,0.1764120162,-0.5547172427,-1.0692994595,-1.4582902193,-1.7690427303,1.1388880014,-0.6343199015,-0.6455629468,0.6088840961,-1.6192688942,-0.0818789974,-0.0917008221,-0.9681435227,1.9183095694,0.2400978953,-1.0019100904,1.7553344965,-1.3434821367,-0.3470595777,-0.9450023770,2.5923445225,2.2644877434,-1.7023451328,-0.4032149613,-1.5231723785,2.3396515846,-0.4389661252,-1.1574105024,0.8696402311,0.7942128778,0.8743507862,0.5063794851,-0.3327423036,-0.2360394001,1.8046611547,1.5734364986,-0.8279566169,-0.8580770493,0.9539033175,-0.4037619233,-0.9025568366,-0.5054085851,0.0656609386,-1.4166864157,2.2178406715,0.8897829056,-0.9765356779,-1.5809724331,-0.9509728551,3.9318158627,-0.0947611257,-0.2777610421,2.7022025585,1.0548883677,-2.1925463676,0.5984313488,-0.2522276044,0.2404031008,-0.7767440081,-1.6327123642,-2.9671511650,0.3017042577,2.2171001434,-1.2944755554,-0.1215610281,0.1807648391,-1.1090326309,-0.5681505203,-0.4671217799,0.1888918430,-1.4993536472,1.3786221743,0.5527957678,-0.0457510650,0.2818514109,-0.8144041896,-0.7061472535,-1.3275606632,-0.0392863490,-0.3770031333,0.5727685094,-1.7785052061,-2.1011927128,-0.1963258237,-0.7420225739,-1.1485556364,-1.0565662384,-2.5704593658,1.4520541430,-0.7849094868,-0.0282057039,0.1329173595,-0.7587914467,1.1750051975,0.2822500765,0.3206826150,0.1631548256,-0.0323278122,1.9894789457,-0.0786134750,0.7186268568,1.2701261044,-0.5549293160,-0.4123100638,0.2585934103,3.3376514912,-1.4184768200,0.6148015261,0.7577807903,0.4866668880,-1.7414749861,0.7685922384,0.8085726500,1.0606702566,1.0349383354,0.1467768103,1.2685264349,0.0292004924,-0.9084498882,-1.5991654396,-1.7393937111,-0.5774915814,1.5832287073,1.1117656231,1.3533836603,0.9245574474,-1.1983096600,-0.8815721869,2.0835361481,2.2668776512,-1.2613658905,0.0401890315,-1.2885224819,0.2227200121,-0.1827617586,0.6084894538,1.0254738331,-0.1249182150,-2.2066791058,-1.3178211451,0.0463906005,1.7021739483,1.1489878893,-1.2057912350,1.3909333944,2.1805257797,-2.9978218079,2.2444906235,2.0756618977,-0.1906720549,-1.4361227751,2.5925230980,-0.3356596529,-0.4255297184,2.3144741058,1.9802796841,2.7060430050,-0.0029013725,0.4796882272,-1.0238837004,-1.4423996210,-0.5649935007,1.1751015186,-2.7530145645,-0.3139556050,-0.7963333130,1.0938795805,-0.5839121342,1.6135165691,0.0098438179,-1.8978279829,1.6090836525,-0.8010922074,1.3468697071,0.9537101388,0.8269898891,2.1467773914,1.9959990978,-3.4044947624,-1.9086507559,1.9240478277,0.5894297361,1.6863251925,0.0961509123,2.3473563194,-0.5010345578,-1.3226044178,-1.3706074953,-1.3293129206,0.9694826007,-0.4356973171,-1.4707425833,-0.0082294513,3.8778913021,0.6597295403,-0.8547419310,-1.2444047928,-0.3522889614,0.6622874737,0.3971084356,1.8358373642,-2.6048281193,0.8550087214,0.1383301616,-1.3907971382,2.0268371105,0.4901495874,-0.2696185708,-1.2613204718,-1.8693438768,0.4172507226,1.2801463604,0.1487185210,-0.0603034720,-0.1838866770,-1.4818354845,0.9103727341,0.2365614921,0.3446391523,2.6198458672,0.2500107288,-0.4190112352,-0.0670033991,-1.6570895910,0.3446785808,0.1793970764,-0.7604992390,0.3895345330,-0.6360852122,0.1669871807,0.7416523099,0.2512319982,-1.1478385925,-2.2158601284,2.8887479305,-0.1108473092,-0.1219688803,-0.1319846660,-0.1858164668,0.5658271313,0.8251722455,0.8304064274,1.0496048927,-2.0766048431,-3.2230238914,-1.5577932596,1.9666413069,-0.6444479227,-2.8691196442,1.9757615328,0.4276498258,0.3862276077,2.6247148514,0.4107192755,-1.6026606560,3.1109290123,0.2859649062,0.2594692111,2.1094295979,-0.5889873505,1.0793455839,-1.1363897324,2.8769900799,0.2285627127,5.7188777924,-0.4316235781,-1.0991082191,1.6820242405,1.5080786943,-0.5691561103,-0.9901890159,0.7651224136,1.4143431187,0.5599895120,-0.1727844477,-0.3903057277,2.9965415001,-0.1788325161,-0.9005876184,2.4951374531,1.3434857130,1.4135847092,-1.9551354647,-1.6943418980,-3.4854531288,-0.8973764777,0.9504466057,-1.2721202374,1.5443875790,-1.9772434235,1.6880668402,0.4449001551,0.0365496241,-0.7979887724,-0.8445293307,-2.0293712616,0.2655649483,0.5312623978,1.5684419870,-1.6719975471,-0.5383887291,-1.4841276407,-3.0675530434,3.3674533367,-1.6068168879,0.8511972427,1.4823209047,0.4215928912,1.0698862076,1.9273238182,-0.9786565900,1.6005669832,0.4289149642,2.1563813686,0.4206985235,-0.9527611136,-0.6646378636,-0.0802163035,-2.8446938992,-1.6648992300,0.3599757254,-2.0794801712,1.2621065378,-1.3195470572,3.0413124561,-4.7682094574,0.0956312045,0.2296792567,0.3591668308,-1.4325364828,-0.4876196086,-0.1171519011,0.6261764169,-0.6424419880,-0.9442536831,3.1586091518,-1.2206830978,1.1564213037,0.9142376781]' WHERE rfid_tag = 'EMP022';
-- End Auto-generated Embeddings --



-- Auto-generated Embeddings (2025-05-01 17:45:42) --
UPDATE employees SET face_embedding = ARRAY[-1.13167691,1.49880636,-0.11181103,-0.46378762,0.67972374,1.02456689,3.71933317,-1.16388512,1.86341262,0.57045329,1.49444675,0.40175825,1.19520581,-1.34436929,0.79041958,-0.42421803,1.35931945,-1.00057006,-2.43948030,2.37071943,1.46813548,1.15102649,-1.70866966,0.66063339,-0.68156266,1.21110892,-0.22084238,-0.74753767,-1.90650249,1.89858222,1.81464052,-0.54308397,-0.09226822,-2.39468765,1.79907274,0.51267517,-0.12239721,2.74839616,3.05828929,-0.46565211,0.30980384,2.42142224,1.06739867,-2.28559113,0.35548380,-0.03832773,1.29949772,0.39538077,-0.85459906,-0.21402875,0.39019799,0.13553168,-0.44826436,-0.70507622,2.27579331,0.48668230,2.98463297,0.95954531,0.41184130,0.34843260,-0.96651059,0.02311943,0.25015295,3.22664714,-0.62754005,0.21148711,-0.70703644,0.81647277,-0.69802010,-1.79507482,-0.07677533,0.01503838,-0.71807408,1.89392483,-0.67255533,1.69308376,-0.62086362,-0.00452721,-1.64311159,0.42592090,6.12821150,0.62898475,0.33204600,-1.73533130,2.00927925,4.12396622,-1.53777933,0.15161341,0.08052216,1.50350380,3.10165215,1.79981029,-3.72265387,0.12222737,1.50446987,-0.76700759,0.45342004,0.95596278,-0.13773802,2.29260969,1.02476716,-0.94545937,0.91685301,-1.59406185,-0.89404243,1.53352904,-1.64426088,-2.01879287,0.03623780,0.09130454,1.05022430,1.19176412,2.88283634,-1.62727153,-1.31676853,-1.08547938,-1.40288174,-1.53300929,-0.69141608,-1.07945728,0.42741847,-2.70750546,0.69403815,0.59252137,1.76741731,-2.37068105,2.38551950,0.12551293,-0.78112769,1.61372960,3.47898698,1.18594944,-1.45690119,0.14144717,-1.78855979,0.64361638,1.25238395,0.18664613,1.22007191,-1.46989846,-2.32662296,0.53451520,-0.89472890,-1.24951911,-1.21964633,1.02054465,-0.07041016,-0.48515975,0.66711724,2.29597998,-1.95895088,-1.59489083,2.28290486,-1.16021645,1.36537302,0.48192391,-0.73028916,-0.06721993,-0.72936159,0.77226275,1.11930120,3.22393513,1.06121039,-0.97438347,-1.55632651,0.20487180,-0.16064160,-1.35499048,-0.15211071,0.59263438,-0.55797958,-5.00123453,-2.37357450,0.16736621,0.16367760,-4.04745102,0.45208168,-1.85840142,1.22264171,-0.59942168,1.54366410,1.74875546,2.72146702,1.29207587,-1.77813947,-1.16959667,-0.30160645,1.24952233,-1.67884266,-1.82452714,-0.73475939,2.14108729,-0.54772604,1.98031545,1.33842289,-0.89058250,0.29681730,0.89350551,-0.21139252,-1.26519942,0.40342507,-0.23243076,-1.30932307,-0.35800266,-0.59873646,-0.46983525,-0.90938365,0.18991329,3.14105511,-0.99337363,-0.28299150,-0.93831444,-0.23199593,2.23811388,-0.52027649,-2.04946208,1.22599876,-0.39843246,-1.35797191,0.32696536,1.60448790,4.26848555,1.95391154,-0.33754143,-1.71383035,-0.07941604,-1.64772606,-1.28045976,-2.79257894,3.16700649,1.56617284,-2.24268103,0.59631491,0.10676376,-3.12016845,0.16989414,-1.15492260,0.55548060,1.20109069,-0.64017546,0.16158094,3.19214392,0.56484669,-0.06639533,-0.03837505,-1.00236535,-1.42245674,0.57228714,-3.35931301,-0.29890028,1.93602395,-1.68092012,-0.53752941,0.71899039,-1.57341671,-1.28766048,-2.26559639,2.55128384,0.30867773,-0.77098948,-0.95359844,-2.28552842,0.64031899,1.29633260,-0.21266644,0.51914328,-0.93108112,-2.05514717,0.54452795,-0.23428133,-1.32309580,2.96626091,3.56805992,-2.70824122,0.08759961,0.67261314,1.95199549,1.38524115,-2.61758947,0.81269175,-0.40689531,0.93844581,0.52130955,-0.48919427,-0.48828745,0.88009322,0.37554634,1.14454556,-0.72068048,0.60670269,-1.72339511,2.33244991,0.26443508,-1.44991314,1.85908735,0.68694198,3.02191138,2.59852958,1.08737338,3.59896374,-0.17340177,0.78824645,0.45348755,1.09902501,-0.46607456,2.51913476,-0.12087926,0.09953541,0.25284767,-1.30010843,-2.23483539,-0.08671946,-1.19275892,1.14342177,0.96209991,0.10565051,0.55965954,1.09633362,0.27988341,0.08268620,-0.57469076,-1.45631099,-1.41762567,-4.19535875,0.33933792,0.39747718,-1.95427418,-2.55214643,1.27959859,-0.50815886,0.95092881,-0.28479204,0.25809821,-1.87853682,-2.28782773,-0.65994030,-1.29866540,-0.89949125,0.51336801,-0.39054406,-1.13722003,0.83747679,4.14582014,-0.17828444,-2.80016065,0.49514040,-0.68092787,0.20726328,-1.63398135,-0.87968278,0.41663530,-1.70921254,-0.57618260,3.03565001,-1.08956194,0.07583413,-0.10433575,0.94260645,2.32689500,-2.44122219,-0.70102835,-0.61147714,-0.19886900,0.21978781,-1.07581270,1.85427022,1.25660896,0.56646580,-0.30905527,-1.34908581,-0.04904017,0.91200513,-0.55257618,1.78545535,-2.21525526,1.76619697,0.09277931,2.92570162,1.00447726,0.76132381,-0.69468564,1.13174284,-1.79165161,2.62557507,2.28562689,0.60702926,-0.66650391,1.26196432,0.68967932,-1.28195179,-1.39996350,1.78849792,1.29243827,2.57170939,1.72349894,0.75485569,-2.84071374,-1.15042818,-2.52935624,-1.72120404,0.26934588,-2.71169567,-0.76210839,0.91963828,0.08879196,-0.06323177,-0.75936234,-0.63282019,-0.05863259,-0.47525504,1.96506250,3.86986732,1.18828940,0.51619458,1.18409145,-0.89301568,0.71255505,-1.81082296,-0.35197866,1.05663395,2.27027297,0.06692499,0.40668571,-0.78655428,-0.19010168,3.15713811,-1.21041238,-0.26266003,-1.81326413,-2.21550798,-2.61457849,-1.28257620,0.92261815,-0.83951259,0.82243079,1.10894752,-0.22064598,0.46204260,1.62624943,2.70589471,-3.58709764,1.68627477,0.75109184,0.26868457,-0.68435013,0.53451407,-1.03060114,-0.36100641,-1.95247805,2.55150414,1.00229692,-1.96362627,0.15698037,1.10727382,1.07808983,-0.15491480,-2.15103507,-1.22331727,1.16636252,-1.22519088,0.15667570,1.31130946,-1.59786201,-0.58937746,-1.24545062,2.03010964,0.22305326,-0.38675550,-0.17271139,-1.11599255,0.46633187,-1.27169538,-1.89373589,-0.74551558,-0.78205198,-1.82613277,0.45745641,2.55391288,0.21317238,3.06639481,-2.94479108,-1.32568312,-0.29665840,-0.41236579,-0.60356468,0.74316168,1.78176463,-2.99877167,1.55458832,-0.48450866,-0.79587799,-1.20085335,0.72070187,-2.15939665,-0.97403926,-2.56337571,1.52595341,1.48725116,-1.71219230,1.31345630,-0.20630890,0.55331612,0.77209753,0.41754028,-2.78240800,-2.34072471,-2.58378196,-2.82644439,-0.26813540,-0.92590791,-1.58645284,0.74292284] WHERE rfid_tag = 'EMP002';
UPDATE employees SET face_embedding = ARRAY[0.18325214,2.85743260,0.01832417,-0.16993120,-0.20085026,1.09064686,0.38871032,-1.50977254,-2.31423497,-2.51835728,-1.81719661,1.50572324,0.17046963,0.58558750,1.19077039,1.28634727,2.50407481,1.83976364,-1.81568146,1.03936291,-0.70361346,3.12063456,-2.37457609,2.23019004,-0.47531936,-1.01170313,-3.73057151,1.44687104,1.53052235,1.56330836,2.30050588,2.46448922,1.04552102,-0.80674857,-0.75681603,0.24056719,1.83452237,0.42709816,2.63298631,-3.43721247,1.69330919,-0.83101249,1.38645053,3.43338490,4.23287058,-1.56455314,-1.50422955,-0.56657261,-1.71919358,1.33519459,-0.35084110,1.05531263,-3.63691115,0.11380488,-0.62050140,-0.51458299,0.92188102,2.44652891,-0.99917746,0.85673571,2.84199476,-1.35415423,1.24520791,1.42300725,-0.29958451,-1.08315909,-1.41856802,-0.47760069,2.16367435,1.82612252,3.57750964,0.64807147,-0.97753727,-0.50732768,1.00438118,-3.36918092,-0.75626957,0.84228200,0.93057770,-1.74336755,0.13472827,-1.89769328,-1.17268491,-1.80084312,-0.68315476,3.38088608,-2.64611745,-1.07692444,0.44272640,-0.51379532,1.95222414,-0.24399018,0.50669646,0.61520672,-0.11621208,1.91201174,1.31036997,-0.49910831,-2.42164421,1.16715777,0.43271121,0.25493655,0.63499171,0.34222990,-1.58812904,-3.00355434,-2.15852928,2.01470423,1.87704110,0.84628296,-1.56623864,-1.14455557,1.64421093,-3.06581116,-1.00882351,1.15545905,-0.91212207,-3.08470631,-0.48481727,0.79511595,1.20351303,-1.71180344,0.28829837,-0.46021762,0.95144093,-1.70419502,0.99938154,2.29473400,-0.80306584,-0.03755145,0.03503022,-2.03418159,-2.11307764,-1.35120368,1.28727376,0.79071707,-1.28838396,-1.75697184,-3.00246215,-0.31395957,-0.19494100,2.16896486,-0.40005225,1.75096047,-1.15330839,0.04008127,1.23126936,2.05523109,1.24187016,0.29487744,1.18536997,-2.41842651,-1.52878809,-0.49675798,-0.40654379,-1.71525145,1.40075696,0.31826195,-2.35665011,1.36881435,-0.75756866,1.32497394,0.45018998,-1.28841925,-1.31258202,-0.34960410,2.68168855,-2.12861204,0.14154738,-1.97900891,0.49328759,-2.04104829,-0.08555608,-0.25282973,-1.14934349,0.70600671,-0.42225415,-1.94770181,-1.36924469,-0.45411429,-0.02251512,1.82097650,-0.82846767,3.39956641,2.08843827,1.72928536,-2.88880730,-1.11995375,0.93162125,1.47327363,-2.04775143,-1.02227986,-0.22502068,2.47644472,1.06586039,-1.34513104,-0.98810768,-0.39812148,-0.72258079,0.14289322,-3.17187977,0.23211099,-0.94741726,2.74024868,-0.83162630,-1.31715798,1.06812847,0.02941680,-1.70915461,-2.45380688,1.10131478,0.31469822,0.20305441,-1.85454571,2.74375725,-1.93821383,-0.99257767,0.64477062,-1.65785599,1.45424020,-0.57683432,-1.77438688,2.67879176,0.43836805,0.59644282,0.24242581,2.05236864,3.25956059,-0.51665896,0.86914718,-0.16319719,-2.54881716,-1.33395541,-0.39227569,-0.04183557,3.16578126,-0.39753771,-1.92540526,0.65145391,0.04249465,-0.43687883,-0.13716605,-0.94482839,1.02263927,0.11402117,-2.61549711,1.51517224,1.01599813,-1.40509892,0.97787458,-1.29058158,-2.53395605,-3.97724771,2.15996265,2.11969638,-0.24771918,2.01816773,0.58505595,-1.02372777,2.15876293,-1.24072504,0.47524804,-1.37948954,0.82053709,-0.59469676,1.09885395,-0.82404619,-1.81291342,1.11506414,-1.82324612,-1.65608990,0.68540025,1.10992432,0.74131733,-0.19521034,0.47546664,1.93117595,-1.30423522,-0.90293205,0.12471645,0.26232240,-1.24991238,2.57002544,-2.32966447,-2.13312030,-2.62736869,-0.06921213,1.70686674,-0.02437006,1.43282759,2.95504451,0.47066677,-0.18530422,0.57853490,0.40670720,-0.63541108,-2.25066161,-0.46216899,-1.74959505,1.71564233,0.54344511,2.40611696,-0.75053543,-0.83700109,2.88372827,-1.77988696,-0.40547201,0.90309912,2.76711082,-1.10783541,0.57908320,0.30880773,-1.27949572,-1.91437697,-0.34403631,0.55498940,-3.58483052,-1.65281570,-0.35585454,-3.67109370,2.25454402,1.72370040,1.82240105,2.50726628,2.25748920,1.54506147,1.51932180,-0.03204888,-0.31704763,-1.86546028,-1.80913639,-2.98060083,-1.35244119,-3.57975864,-0.13610494,-1.08088505,-3.13884020,1.17398739,1.21831405,0.41662729,-0.74805701,2.99850154,1.17471766,-0.04717173,-0.65304017,-0.24039911,0.79046249,4.55634499,-0.72141713,-2.06367540,2.00730252,-1.37214160,0.70537674,1.96079588,-1.58066523,-0.53489637,-2.40662956,-2.07646346,1.06452572,1.55339158,-0.17866543,-1.49349761,2.54237413,1.88693523,-1.34926832,-1.13471961,4.19528246,-3.58710527,-0.86536443,-1.71398222,-1.08575976,-1.43757057,0.38978603,0.97748435,1.66865337,-2.75005865,0.72115564,0.05284897,0.67637956,0.39648870,1.41715848,-2.62319160,-0.22732210,-2.00551391,1.45701659,3.54458714,-1.34428287,0.10007793,-1.19980216,1.40262663,1.78465104,-1.95965230,1.57866752,1.14061439,-0.05419162,1.25101829,0.14465116,0.26277512,-1.17252553,1.00375319,-0.56656837,-0.77059370,-1.01764822,0.47380051,-0.98329616,-0.17821260,-0.55740547,1.39313066,1.17980719,-1.13646495,-2.56100726,-1.39225662,-2.05980086,-1.06172788,2.29200745,2.04113603,-1.99780548,3.17335820,1.49016428,0.98633629,-0.98177552,-2.32169008,0.73725945,0.98593277,0.37959900,0.45305878,0.81583971,1.04308057,-1.08439016,-0.50401795,-0.59071451,-1.28967750,-0.06472880,-3.71521592,0.08593132,0.47241464,0.53295749,0.10665856,0.22103384,0.63392848,-1.86067104,1.80702567,0.31191912,-0.81475759,2.97306013,2.48133898,-1.34375083,0.00255633,0.49907297,3.85510206,0.42887101,-2.98915124,-3.05164528,0.02871527,1.54704595,-0.71834409,-0.82782769,0.24355687,-0.48249847,2.49248624,-1.12459207,2.09864187,-2.23433685,0.98086637,0.45356584,0.47112024,3.91274428,0.55433416,1.97153270,-0.47469684,-2.90634489,-1.42824471,-0.59419823,-2.07670641,3.07901645,-2.56835270,0.02105967,0.59361172,1.56392992,-0.29198614,1.72184420,-0.60901487,0.14154099,-1.48346508,-1.71850336,1.85071242,-0.32152981,0.80091381,-0.26366740,-1.30873430,-0.48957601,-2.62961793,-1.34567797,1.94951403,-1.34538054,-0.28527710,0.35697132,1.60808134,3.04891062,1.58702493,-1.29283965,-0.82283688,0.13848183,-1.69007921,-1.67907894,1.50536573,0.97024274,-2.96627545,0.20478523,0.17705870,1.44867003,-1.80013037] WHERE rfid_tag = 'EMP003';
UPDATE employees SET face_embedding = ARRAY[-0.37025928,-0.80737048,0.73888570,1.06921351,-0.62531871,-0.12301594,-1.03047132,0.40599397,3.67146564,1.55673373,0.21832867,-1.12615788,-1.10012281,0.96585011,0.50198710,-0.42001083,-1.20044601,-0.50264430,2.67780924,-0.05912060,-3.23265171,-0.67036104,-0.41758910,-1.55588400,0.43884429,0.83169043,0.84424436,0.75294274,0.86964631,0.16165310,0.07323953,-0.74468416,0.19302331,1.77673829,0.33888924,-1.12613261,-0.08297704,0.26904726,0.26834875,0.61211109,-1.01982093,-0.41797149,-1.12017441,-2.91380835,-1.41712332,0.64226949,0.08516358,-0.02204074,0.56961930,1.50035143,-1.81501460,0.61404395,1.66185248,-2.12091470,-0.14685422,0.68288201,-0.20660681,-1.22347510,-0.17906775,-0.08833779,-2.77830458,-1.15227306,-1.08122218,-0.51154006,-0.10836731,1.84130430,3.08790445,0.01806828,-1.33798480,0.31579572,0.66130722,-1.05058110,1.41012609,0.63567722,0.10356844,0.66007638,0.30541036,0.77364385,-2.94373441,-0.21898155,-0.63472998,0.10218809,1.93593764,1.65319479,0.14764264,0.84035534,0.60247368,-0.33133733,0.98417056,1.95480192,0.02038319,1.68098295,0.25462687,-1.23629904,3.16792560,1.75544930,1.24978709,1.17135620,-0.09225449,-2.50145507,-1.82078135,-0.50361425,-1.65593266,-1.27352679,1.15076113,3.09249067,-1.82909453,2.92195606,0.14004143,-0.63754344,1.42785156,-0.20014860,-0.26906410,1.77918577,-2.16268444,-2.38855457,1.37277210,0.19258931,-0.87543881,2.83473897,-0.60958630,1.02976120,0.20080337,-0.06633230,0.66343480,1.09265149,-1.10901964,-1.71280801,-0.40173319,-0.51016849,1.19504285,1.16026676,0.68860823,-0.77145165,-0.38264525,0.52978766,1.28761423,0.01982310,1.79224479,0.90869802,0.67832470,-2.49984908,1.41029787,1.06319201,-0.78754973,-1.63716054,0.14698969,2.47962308,1.19730771,0.10439165,-1.45072269,-0.84983385,0.93639451,1.17522061,0.49164391,1.33313763,0.12110992,-0.74763143,1.47601175,0.23744768,-0.17187877,-1.17991412,-1.52396250,-0.32583496,0.51513648,-0.87844205,0.00330447,-0.06607603,-1.27820325,-1.77571976,0.37796146,1.30702162,-1.74509656,0.08843558,-2.65608859,-0.46144843,-0.54885906,1.50293672,-0.45225292,0.40090081,-0.55411953,-0.68914777,1.09500110,-1.34134734,0.54790986,-0.43102917,1.33621538,1.33665097,-2.04149008,-1.05857170,0.17204121,2.23972344,-2.18837643,-0.63862336,0.38426051,-1.33401561,0.47342479,1.90442204,-0.40008277,1.02408159,1.58896685,-0.19672656,0.61302179,0.07834782,-1.52889705,-0.13415526,-0.56223470,0.21367206,-1.89745796,1.11962163,0.14721221,-1.59559584,-0.95260918,-0.56674516,1.09407640,0.38659501,-0.31194785,-3.21503258,0.50154752,0.69192499,-1.39287341,0.31873038,-0.50724226,-0.15219703,-2.27594781,0.95472008,1.42772067,0.92095006,0.24649845,1.13908565,-1.55741203,-1.84063709,1.07732368,-0.49827439,-0.74164164,-1.58652842,0.49733222,1.81134176,-0.05739221,-1.25416541,-0.20439950,-2.04420161,-0.95911241,-0.17195752,1.23123085,0.80663759,-2.05458903,-0.46902215,-3.00804973,-0.50358206,1.82300818,0.26399392,-1.36566138,0.54860842,-0.89619136,0.00422291,-0.59657067,0.90728241,0.26263106,-1.91453838,-0.29022399,0.68331933,1.50782609,-1.02943242,-1.97192729,-0.03015728,0.74346632,1.17042935,-0.20262767,-1.67129958,0.11306239,-0.37963375,-0.43465021,0.33479637,-2.06808972,-0.13859569,0.18957303,0.42409182,-2.01747561,-0.47095048,0.25143591,-0.17660995,-1.68889117,-1.13709199,0.64354789,1.30543816,-0.18424948,1.79765677,0.40643930,-1.00906801,-1.08444154,-1.94536448,1.02728558,-0.94560808,-0.52432370,0.05204958,-0.42183357,-0.97858334,0.11018180,-1.62929654,-0.30275187,1.52197754,0.27220649,0.06097328,-0.94940746,0.74514788,0.25874290,0.33955929,0.10404693,1.70796752,0.80113113,-0.24135017,-2.17784691,0.17689243,-0.44492933,1.37055337,1.75506425,1.51190913,-0.80499297,0.35500389,-3.03552604,-3.27549386,0.77266467,-0.11359886,-0.79155886,1.95893860,0.23278691,-2.78467035,1.06142521,-0.02190205,-0.71148252,0.57691741,1.68453431,-0.09546436,-0.40252161,-1.29193735,-1.27003217,-2.44171309,-0.92143649,-0.74786425,1.75626123,-1.07164168,0.22953314,1.73334229,-0.22562997,-0.15206333,0.23087183,-1.04225683,-1.48628271,3.40358162,-0.43354940,-1.52368629,-1.45927012,1.81890559,-1.94445539,0.23913135,-1.79549372,0.65911359,-0.81739664,2.34247875,1.48387897,-0.36682478,0.26364344,0.23155826,0.77664179,-0.83596671,1.78902531,-0.15355676,-1.38869321,0.53299391,-1.92868042,0.85331398,0.79321021,0.82793665,0.30772856,0.90713406,0.39080215,-1.19161665,1.24764299,-0.53043640,1.46107256,-0.37898400,0.09911226,1.05685794,-3.03332758,-0.99217707,-1.40930521,-0.32402313,-0.59061462,1.90117669,-0.97194397,1.13308108,1.55006874,3.40830541,1.73684275,2.88583755,-0.98089254,-1.13419449,0.52271873,-0.31084195,1.34942567,0.85006595,0.33402988,-0.61317641,-1.65081346,-1.52558613,2.27905321,-2.13936377,-0.17519668,-2.23553777,0.73273152,-1.46972680,1.15524304,2.45719647,0.17776595,-0.27589440,-0.57274270,-3.65434933,3.02055931,0.16682504,0.85716754,-0.96919674,-1.50144112,0.61511648,-2.22856903,0.09846237,0.48450497,-0.18870841,-1.01325297,1.06252897,0.81712240,0.94987714,0.45740658,0.40831473,-0.34911877,-0.96600407,-0.93302381,0.41488406,0.10127804,-0.98250484,2.65493011,-0.34018898,2.90452075,0.94694215,0.74935800,-3.59457445,2.52469039,-0.24606699,-0.53978884,2.25565219,0.13490956,-1.37508488,1.41041529,0.70892680,-1.38220799,-0.21722253,0.50496894,-2.57141757,-0.28969225,0.49729514,1.48115790,0.44979811,-0.40692791,0.09026381,-1.31246877,0.02113062,-1.70098782,0.60727227,-0.11352175,-1.24821341,-1.41947281,-0.47782338,1.27990639,2.10110283,-2.27116108,4.09387636,-0.12676886,1.60043430,0.77303559,0.30821803,0.36045572,1.47096598,1.07421505,-0.70255208,1.78035998,-0.98598200,-0.85747904,-0.10659701,0.13058482,-0.05385932,0.53974527,1.50132978,-0.41286486,-2.04926252,0.05378963,0.12396581,-0.08352134,-1.23712814,-0.17916127,0.07149304,-1.24353492,0.03695183,1.35448503,0.45538065,-1.15633357,-0.44821930,-0.12931895,1.41893852,-1.73644519,0.26163778,0.46454442,1.69583297] WHERE rfid_tag = 'EMP004';
UPDATE employees SET face_embedding = ARRAY[-0.43775386,1.54986775,1.98389792,1.74713564,2.41883588,2.04465580,-1.09260905,-1.39003932,0.22838750,-0.20308518,-4.33514404,-0.17188197,0.35018906,-0.39854956,2.10304427,0.98973805,-2.37516665,0.28544810,-0.53566420,-0.48370308,0.15261617,-0.98626500,-1.76462150,-0.27965263,-0.24079640,0.51040196,-0.33927125,1.21598315,-2.07881761,1.23503041,0.92002124,-0.92017812,-0.52622837,-0.70511681,-0.72821504,-0.15544201,1.59009016,2.67952538,0.74503386,0.00892089,-0.07476236,0.86470264,-0.85718995,-0.52065229,0.02167688,0.34469572,-3.19860363,0.11915544,0.94724023,0.15756248,1.59697795,-2.63362718,0.41525990,-0.90620250,-0.18276706,0.30948231,0.32701898,0.98043603,0.42205977,-2.18418956,-1.00780940,-0.14842820,-0.90025181,1.08846986,-1.82788229,-0.03193346,-0.64177829,0.10443227,-0.09124050,0.42699534,1.75616777,2.70294237,1.23463249,-0.74161071,0.46242127,-0.16137609,-1.91628778,1.60445857,0.59443122,-0.06123789,-0.82842380,-0.77144349,0.11349809,0.77941525,0.09266298,-0.27240798,-0.39467379,-1.32684708,-0.03837431,2.70814133,1.49629426,-1.21177816,2.09714913,1.72299075,-0.35513127,-1.15509856,0.96851116,-1.53998601,2.02404785,2.21179914,-0.18441458,1.35432446,0.32940310,-1.70051396,-1.00755799,1.16448486,0.37374970,-0.60973579,1.25245070,0.87684995,-2.13527203,-0.77804130,-1.85684919,2.05514121,-0.03467546,-1.53518271,-0.53038538,-0.50977403,-0.52111220,2.23628855,2.14466691,-0.97637337,2.36792517,0.39260384,-0.19163042,0.71494073,0.74253702,1.01623344,0.01673265,-0.04836676,-0.20914397,1.76778948,-0.63858092,0.62680846,-0.73225939,2.31688356,0.27318725,-0.62086272,-0.12411387,1.99247134,0.58066231,-2.30777502,0.06276318,0.74783337,1.01114273,-0.57920182,-1.61130667,1.43252194,-1.41981018,1.25580978,-2.41041613,-0.85718191,2.51408434,2.36844516,1.34871078,-1.39550686,0.33378690,0.76880890,0.05222366,0.55736363,-1.69767213,-1.98911619,0.07320097,0.30269369,0.16173422,0.28847802,-0.16089706,0.57799268,2.31795478,0.73129886,-0.05840405,1.39138174,-1.42040074,0.74638146,-0.60708380,-0.58286071,0.27119246,1.02124512,2.37408638,-0.46581587,1.12758505,0.55398363,1.29005218,-1.25065887,-0.68664724,-0.93789256,0.30623972,0.92438298,-0.12825236,-1.41870737,-2.17428708,1.08814132,0.79266667,-0.50084472,-0.28922400,0.27261090,-0.03463963,0.54046136,1.50617790,-1.99437416,-0.39602682,-2.55215549,-1.55229890,-0.79950488,-0.02744695,-1.08273852,0.16979292,0.22370785,0.21220832,-1.89520741,0.26406968,-2.24147344,-1.65491521,-1.02515352,-0.83956701,-1.55421221,-2.05717325,-2.44962716,0.28170630,0.20689848,-1.59002566,-1.69905412,-0.28133306,-1.99872160,1.86323035,-0.88556653,0.27424291,0.37536260,-1.34793389,1.24034560,-0.81228054,0.00605427,-3.07306814,-0.81002879,-2.42292786,1.78654516,-0.71491635,0.70789999,-1.55081761,1.16023350,-0.57083172,-0.84823287,-1.40887129,-2.17480230,0.74323493,-1.70983624,-2.18884921,-1.00943077,-0.93761247,-1.18950367,2.09057879,-0.67270219,0.14783265,1.63883412,1.34701538,-1.62923086,-0.61488074,-2.29915643,-1.42536533,0.50611418,-1.34396231,2.20706105,-0.29775223,-0.55048400,-2.36355448,-1.52281010,1.96691906,-1.63405812,1.34809530,-0.79815787,-0.03482031,-0.06482188,-0.67499214,2.34287596,1.01822841,-0.02958117,-0.31505233,0.82269323,-0.39698568,0.43724757,-1.36954439,1.79771841,-0.90136844,-1.72623837,0.16386288,-0.05600248,-1.14834392,-0.34310779,-1.78930318,1.88217092,-1.92699587,0.34788549,0.91392362,0.55084503,1.15218616,0.58129233,-2.40180087,0.00582848,-0.44864994,3.35224915,-3.33748150,0.76682830,-1.02253020,-1.45961702,-0.84900886,-0.38639688,-1.09429288,1.32956028,2.63846254,-1.24267638,-0.01772678,-0.21570857,-2.05469775,1.47101891,1.72907364,0.90639853,0.89356214,-0.17147186,1.02532911,-0.61224324,0.24723569,2.02488494,0.73844957,0.33499166,1.34152365,1.48803329,0.84446096,-0.49576923,-0.69823897,1.46852875,-3.06217551,-0.32360709,2.12328458,0.16695985,-1.00148201,-0.49093089,1.88390338,1.82554865,-1.62817562,1.94856882,0.29009199,3.76992440,0.35147175,1.90125096,-0.85619116,0.03212895,2.28553987,0.14465560,-1.10449052,-0.74171895,1.57348382,-2.19832993,1.97512054,0.96365255,-2.38813281,2.69855213,0.37272289,-2.02446151,-0.61421263,1.81330240,-1.51611626,3.45363259,-2.42302608,-0.11828782,-1.98113775,0.40669796,0.67864454,-0.85931742,-0.48524123,2.99550700,0.45605582,0.69673240,-0.17696156,-0.36022598,2.17095160,0.56834036,-1.94516480,-0.92639464,-0.74817824,0.44987774,3.55364823,-2.82369685,2.22008729,0.36908177,-0.02438731,1.45730901,-0.90891629,0.21651958,-0.62974119,0.76710147,0.86530101,-1.20552957,1.36097491,-1.42014933,-1.91667068,0.83969277,-0.14108172,-3.02622485,-0.39203721,2.61120272,-0.77557182,-0.06460221,0.21167877,-1.45073187,-0.27700248,-1.63594222,-0.28295404,-0.87534356,3.28359747,-1.65656281,-1.14850700,2.12409282,0.86449802,-0.64064634,1.99323273,-0.90875864,-3.11353707,2.04362702,0.87261832,0.31424299,0.78708172,-2.19762421,1.40035069,0.04858738,0.65438664,-0.50317371,-3.78104997,-0.78850830,2.64416742,-0.99026555,1.12140584,0.84826010,-3.89735270,0.76017588,-0.90288186,1.88765895,0.85185021,-0.15819524,3.85617280,-1.14299548,-0.16865057,-0.00311838,0.35868981,-0.34739465,-0.99401087,-0.88739449,0.02950603,-0.61622036,-0.01154541,1.72100437,1.00596797,-4.21644449,0.86230266,0.53449351,-1.95932639,0.85915905,-0.82193953,0.38876811,-1.34984207,-1.38795018,0.95598185,1.47652209,1.35001290,2.03268838,-1.30461287,-2.24646330,0.03559232,1.28041840,-1.38547814,0.75108534,0.41011715,-0.08700961,-1.79601145,0.03532666,-0.82081956,0.28108370,-0.34301221,-1.05782592,-1.61989605,0.33212662,-0.01661284,2.33755231,0.24220049,-0.36014411,-1.90170157,-0.65886772,0.33255506,-0.71930730,3.26954818,-0.91969478,-0.73122650,-1.65530670,-1.61385787,0.52141321,-2.01440835,0.55874777,-3.25152636,0.31550831,-1.71859169,-2.01543379,-0.25316462,-0.09485032,-2.71887112,0.85349369,1.27465808,2.50409007,-0.38260347,-0.12251133,2.54957581,0.04661528,0.96545273,-2.34038520] WHERE rfid_tag = 'EMP005';
UPDATE employees SET face_embedding = ARRAY[0.56450039,0.43885773,1.48979819,1.42678142,-0.57811749,0.89635682,0.62541938,-0.28288794,-3.58867049,-0.79620755,-1.31602645,-2.67486644,0.63384974,2.20078707,1.23856461,-2.11120725,-1.06924117,-0.36492643,-0.83346713,-0.57677031,-0.47170401,1.45899141,1.00366259,1.62996721,-2.27250338,2.16118455,-0.66031331,0.53554237,1.23442864,3.36640286,2.52668214,-1.85879970,-0.60569477,0.00661274,1.86799920,0.28175503,-0.01726821,3.36400127,1.43362904,-1.16197646,-0.94705880,-2.23434377,-0.03687077,1.15560269,1.33546829,-0.62523955,-2.35790396,1.39156961,-2.53863764,-1.44559586,0.24739580,-1.39068806,0.79491216,0.30194879,-1.27600789,0.75920159,0.13242525,-0.04845679,-0.55951601,-1.26053727,0.44382501,-0.10365213,0.28920165,1.26871407,0.04230732,-0.63948292,-0.28699806,0.08253656,-0.67627168,0.09437741,0.49388373,0.88005698,0.64579952,1.91425574,-2.33481479,1.58694148,1.71768689,0.57252336,-1.13986611,0.33854777,-2.24579549,-0.52269077,0.56557357,0.55244088,-1.73564172,-0.03489480,2.17809391,0.01029622,-1.77322519,2.88627839,-0.77871585,-1.86730564,-2.16275978,-1.34101474,0.28026822,-0.27625126,0.86537492,-0.72626472,2.50015616,-0.73932576,-1.30798638,3.69904280,-1.25569177,-1.53707004,2.63531852,-0.95609111,2.02070069,-1.61009753,-1.69818079,0.25372630,-0.10256012,-2.08241606,-0.96973705,0.00101116,-0.74092025,0.65111464,2.64320993,-0.83440125,1.71419191,3.38885522,1.31921875,1.55479860,0.39014748,1.47107077,-0.45257390,1.69170594,0.51655078,-0.53823858,-0.73461902,0.40312427,-1.28120625,0.50191361,0.09824444,-0.56567168,-1.34813690,0.01759162,1.24052727,3.26061225,0.89581674,-0.82006222,0.67635536,-0.29171452,0.74047321,1.67506886,-2.95804501,0.73977518,3.17909122,-0.78023541,-1.40309012,-0.82377684,-2.38231087,0.31116536,-0.64154303,-0.21146114,0.89949030,-1.02542472,1.28497350,-1.20054257,-2.54230094,-1.75698745,-1.29291546,0.07941391,0.69379538,0.22341536,-0.09018020,-3.03880954,3.31322241,0.58872443,-0.42634857,-0.95547497,-0.93305302,0.95809758,0.47516966,-0.58994913,1.14145195,-2.16648507,-0.87337565,3.31263232,-0.61421031,-2.02704382,-1.42387605,2.44605613,-1.79620743,-0.72861683,1.06199336,-0.20272328,0.74993014,0.40820658,-2.89057994,-1.75665677,-1.89791703,-0.77553856,0.61111361,-1.11478889,-1.66053545,-0.61197835,0.22751974,-1.06679690,0.67702961,-2.75272679,-0.76954514,0.32485858,-1.61710691,-1.64508414,0.24116966,0.79734123,0.40816382,-0.53435534,1.43299794,-0.95496845,0.66471618,-0.27398840,1.10697722,1.39070272,-0.70868272,0.17996664,0.65278226,-0.19160011,1.70497370,-0.41037476,-4.03910065,-2.48482299,-0.28369769,-0.30934921,-0.82715005,0.29925284,0.54713190,-0.73751509,-0.79211789,0.54045814,-1.11374485,-1.11168742,-1.73053801,-2.06141138,-0.26335141,0.39538577,-0.41472003,-0.15954292,0.10983045,0.92639160,-0.73712695,1.11661935,-2.63360310,0.14927319,0.20400958,0.52559078,3.53717780,-1.36202240,-1.41331851,-2.04416513,0.16510347,-1.35791183,-0.22426681,-0.32147706,1.54913962,0.31041175,1.76789141,1.04071903,-1.38652503,-0.30762789,0.33639130,-0.50318170,0.45855260,0.70129442,-1.16557932,1.28914320,1.06728661,1.10132456,-0.25119242,-0.11163736,0.05948213,-0.20788446,0.05815572,1.70452857,0.01963247,-2.16148043,-1.98612905,0.63196862,-0.27313843,0.51316887,-1.14298379,1.02202559,1.80831635,-0.86736143,0.98097020,-0.25994781,-2.22710609,0.85624957,-1.84781146,1.79721045,0.53271806,-1.81914985,0.88482517,0.41134736,-0.40978172,2.56122041,-0.54472524,0.91135985,-2.03652072,0.09577697,0.23497947,-0.49701622,-0.54618973,1.60160208,-1.72983027,-1.02533805,-0.15931851,-0.75884098,0.95808941,-0.25903311,1.99581051,-1.87506318,1.06123149,-1.60026240,0.93324560,-0.32133672,0.14140594,0.60099459,0.23102094,-0.80680543,1.03459930,-1.38109958,1.44626272,0.62074906,0.51986051,-0.66349024,0.11987829,0.90804428,3.03333998,0.18636724,-2.16382074,-0.90230781,0.42775869,-2.18212724,2.54683924,-0.56181657,1.19255102,0.26018590,-0.15884645,0.43883204,0.29497957,-1.00359726,0.99671084,1.65763128,1.46237326,-0.18754703,1.20345724,1.49298549,0.81394064,0.50756037,0.56585014,0.37818119,-1.15866232,-1.58648217,-2.65406179,-0.21186262,-0.28085718,0.56497639,1.45330524,-3.18858671,-0.31690755,0.22170480,0.38138685,-0.30231476,-0.32853428,0.25006467,0.32554701,0.12746322,0.06094426,0.10547885,-0.74468589,0.79726130,-0.27768350,-1.43941212,-0.44768801,-0.56095475,-0.79053026,0.89351016,-0.96975678,3.03581595,-0.15123880,0.62154806,-0.62172031,0.88744330,0.69673949,0.25104791,-0.51559693,0.66442263,-2.71152449,0.61585790,-2.15347528,-1.22051466,3.02139020,2.06645441,-0.13104439,1.24737811,-0.97035754,-0.09367847,-1.37230122,0.56172246,-1.37844884,-0.49689355,1.83275735,-1.37188196,-0.21343981,3.16834641,0.98748142,0.29211009,0.30311555,-0.34048283,-1.28608572,-1.20332396,0.43037048,-1.27165377,0.74776125,-0.32081977,1.02446508,0.62267286,-1.89180696,0.85769314,-2.42351723,-0.83540606,1.40246797,0.10725903,1.11974752,2.56803465,0.23525596,-0.48038289,-0.31021890,-2.81785941,-0.48625147,1.22831011,-1.43609393,2.13502479,0.37301958,-1.19828689,1.24827492,0.64980233,-0.03903210,-2.81483889,-1.44797051,2.37331653,0.92654288,-0.61058700,0.01506383,-1.35092258,0.38456887,0.55340451,0.44619334,-0.24219464,-0.15412894,-0.66813904,-1.02190244,-0.72349662,2.84459591,-1.29854178,-1.49086177,0.10318986,-0.06053349,-0.97550011,-2.29635048,-0.10917018,-1.20058870,0.64131367,0.71076763,-0.54060858,3.49023557,1.14531291,0.33538726,0.50964499,1.49522710,-2.17364669,0.05517197,-0.98838866,0.12790069,-2.71515870,-0.23047309,-1.31286645,0.62560171,-0.22817715,-0.91460341,2.06216669,-1.61467540,0.49557996,0.63712645,0.53353405,-1.45934606,1.73852396,0.38274983,-1.58392918,-1.75452590,0.98925370,-2.03891110,-1.75744009,0.26287445,-1.83145261,0.23789328,1.05063486,-1.79130399,1.24604964,-1.31275415,-0.75968361,-0.60384732,-0.74071842,-3.85033822,0.12473553,-1.25835347,-0.86345863,1.69748938,1.95319426,0.41171366,-0.42345977] WHERE rfid_tag = 'EMP006';
UPDATE employees SET face_embedding = ARRAY[2.01201487,-0.39619634,0.79482245,-0.74866194,2.32494521,1.26219738,0.58574063,-0.72435087,-3.75318003,0.08232308,-2.62356949,-1.43611634,-0.47301608,-0.47781751,-0.65216780,-1.29157639,0.95433402,-0.33101201,-0.28983641,2.44707441,-2.01962733,3.12800550,-0.45077366,0.08207489,-1.46492970,0.80982745,-0.40267485,-0.14050286,0.42394114,0.53939718,-0.67902851,-1.78646982,-1.33552265,2.71799707,0.16321391,0.48112684,1.20514405,2.04633403,-1.35469806,-2.12463784,-1.67643178,-0.29138181,-0.36327988,0.60372806,-1.98724508,-1.33107209,0.67865062,-1.84099257,1.32031333,1.18501222,-1.33931625,0.86053032,0.23474117,-0.01650953,-1.85793090,-1.79483986,-0.07692625,0.62893963,1.12556314,-1.12941241,0.37136954,0.58795702,0.92988300,-0.95382190,0.64899433,0.74867624,0.33299619,-2.31341958,-2.48508525,0.25303504,0.55517608,1.83655298,-0.35088712,1.08002067,-1.06830537,0.70866239,-1.55934525,2.57893157,1.14937484,1.11145568,-0.61890268,0.41072431,-0.13329522,-1.84384453,0.29151732,1.91951811,-0.88752234,0.40155858,0.77578664,-0.59230626,2.46727324,0.61025041,2.07999539,0.25497109,-1.93107653,0.05752270,-1.45039964,1.29794455,1.22395492,0.55939448,0.38908044,0.84702373,0.27137315,-0.36504793,-0.11274382,3.51709199,-1.96813548,2.31866765,-0.33221641,1.28866172,0.68357766,0.52021027,0.73920381,-0.24313641,1.03548181,-0.30911514,-0.16436538,1.89394832,0.98285502,-0.73976684,1.01577377,1.19125021,-0.43740430,-2.37743020,0.35636234,-0.61048692,-0.48563263,-2.05171108,1.36177492,-2.42964673,-1.64953482,2.72277808,1.71374238,0.14896475,-0.86436141,0.51259071,1.02845407,-0.41549224,0.21046028,-0.10170692,-1.55402172,-0.56702530,-0.86555523,0.29916507,0.47685170,0.41042385,0.31381446,-1.38637972,1.38571811,-0.55088109,1.20238757,0.56624639,-0.49287975,1.02600014,-0.35867035,0.92941952,-0.52316469,4.27592611,-0.80526549,-0.21309742,-0.87300646,0.43002659,-0.26104546,0.13251296,1.00904119,0.49464926,1.22387207,-0.82735807,-0.62635648,-1.45680678,0.23712850,1.03897989,0.77852142,0.32682097,-0.84383959,0.24319115,-0.03810329,-1.91418278,-1.94568908,-2.18016720,-1.44366491,-0.14484604,1.41068709,0.58301532,1.72152507,2.42905903,-0.49625915,1.61711192,0.08191434,0.85279298,-1.98245811,-0.73361635,0.01213589,0.33050948,-0.35540906,1.58083546,-3.92363358,-0.28290939,2.82843947,1.52364516,1.09319270,-3.34533310,0.45634246,-0.58592784,0.64751124,0.25643608,2.91677761,2.00306273,-2.70663500,-1.82231402,1.31989622,-2.73505139,0.76592743,-0.79483247,1.44391155,2.80751729,0.65700722,-0.16828208,-1.36930346,2.66461420,0.17054866,-0.55951822,0.04908511,-0.12366930,0.90010428,0.41624483,1.20163751,1.71834612,0.35359776,0.04413655,-0.49510095,0.90236759,0.65268302,0.24793279,0.35843721,0.80281049,1.50631249,0.97387242,-1.88503087,-0.10909239,-0.02331262,2.06427145,-0.86293972,0.96006691,-1.50521505,0.25162652,-0.53703606,0.77451402,-0.36902601,1.70522857,-0.42418578,0.83480781,-0.96478093,1.90751565,-0.93759376,-0.74452466,-1.59260094,0.73900765,1.09548199,1.02302670,-0.20565647,-0.20028229,0.54301906,0.20992887,0.60710311,0.72381425,-0.87411737,0.11540893,0.79812604,-1.29943776,-0.08713990,2.02316570,2.07119250,-2.29786134,-1.63075519,-2.16256881,0.85520566,-0.71268386,-0.52792305,-1.77859485,1.07890093,-0.15114632,0.85768598,0.32546696,-1.06474042,-1.76579189,0.78507519,1.84179354,-0.13944690,-0.50899452,0.87326229,-1.42852259,0.41123772,-0.13712177,1.88360965,1.61490536,0.86974669,-0.35422656,-0.75939500,0.83073395,-0.75199580,0.86497736,-0.53791064,1.52316439,1.36781478,2.29184651,1.79029882,-1.11334515,1.35590696,-0.91685623,0.79436409,1.65427434,0.74299562,0.91198826,0.38397756,0.75385398,1.71067035,0.70080101,0.50635660,1.60549986,-0.56587017,0.12698600,0.38633493,0.63308245,-1.52618301,-0.17916805,-0.54984069,1.00454473,0.92958033,-0.77010447,-1.04017138,0.17313372,-0.72300464,0.31342512,-0.69962186,-1.86691535,0.09810528,-0.81123668,-1.35357332,-0.45324904,0.08650881,-0.53820240,1.68976355,2.10454106,2.36701727,1.61130404,1.91725099,-1.03148389,2.59314418,0.74210024,-1.32712185,-1.08525527,1.51049852,0.94484329,0.48885146,-0.58920270,-0.62585586,1.69765317,0.19845779,-0.21213979,0.85136282,-0.66265351,-0.88755584,1.64203572,-0.49552235,1.28549778,1.28618908,0.01499037,0.80646741,0.00099670,-1.39467680,-1.74551153,-1.21088684,0.25397247,0.44735664,0.69714683,-0.51181352,2.43009186,-0.17248748,2.47580147,1.42625999,0.93545425,1.24423301,1.16967070,-0.41515005,1.72302902,2.26226687,1.36682987,-0.55508566,0.12894565,-1.60764813,0.85316241,1.26474833,0.08023448,-1.11101198,-0.83762103,1.70389569,1.03792143,-3.88093996,-1.03753698,0.08577973,0.06593068,0.92364275,0.55491388,2.44266987,1.63803720,1.00995004,1.18088353,1.78217375,-0.22079368,0.33505034,-0.38413662,0.79454917,-1.02263129,-2.70793319,2.22105408,0.08125798,-1.06843507,-0.85416496,-0.39939740,-0.18033361,2.08487964,-0.52290124,-0.67885536,-2.59358048,2.85153627,-0.09521225,-0.71621543,0.91678447,-0.89596260,0.78953677,-0.45381689,0.66738713,1.60337484,0.21783102,0.88882518,0.26737848,0.94161445,-0.24659398,0.97330827,-0.37666172,2.28593636,0.52028435,-0.81758970,-0.88723606,0.18560675,1.98829412,0.31059459,1.08683646,0.23631465,-0.71858811,-0.93987012,-2.73937893,-1.11583507,0.35259339,-0.64292663,-0.68198854,-2.70131278,-0.90444291,1.32559705,0.90611476,1.19449162,1.44109571,-0.73547769,1.41183364,0.31856528,0.40882316,0.79049242,-1.00035369,-0.79155707,0.75854582,-1.36067641,-0.55431348,-2.61024022,-0.63073754,0.00011701,0.63307780,1.80898643,0.80112314,-0.73914844,0.20485094,0.19270323,0.51429397,-1.00882387,1.72587073,-0.49802169,1.95408547,-0.63500458,1.39430046,-1.24642181,1.58193040,-0.95674640,0.20357759,1.60353732,0.88629693,1.08357775,-0.84464383,-0.55886376,0.90585679,0.71025681,-0.41492721,0.19617370,-0.90098912,-0.47702113,1.41437376,0.53399473,-1.20822692,-2.23783278,3.46866727,-1.89940095,1.65152621,-1.44425523] WHERE rfid_tag = 'EMP008';
UPDATE employees SET face_embedding = ARRAY[-1.63326716,-0.74801439,-1.42487288,2.40369558,-0.59959000,0.65166086,0.92143375,1.74425244,0.46865833,-0.71161366,-3.05770636,-0.94699878,3.94731402,1.00121760,-0.22839193,-0.65557587,0.16124515,2.36800361,0.46265599,-0.04308613,-0.88239598,3.07684326,-1.03375828,0.89807421,-1.60753119,-0.60391647,-0.79548985,2.03594565,-0.89796990,1.13555074,-1.69655883,-1.37741268,3.57712436,0.74788177,-0.26919508,0.19409969,2.00768924,-0.05306116,0.63163275,-0.82533675,-0.19225509,0.16240832,0.86501127,1.12621772,-1.63019359,1.75986636,1.12562001,-2.62944221,0.84604776,1.90054405,-2.36352777,0.80329198,-0.59148496,-1.38019896,2.29617667,0.98107588,-2.75573635,-0.56408411,-2.40027976,1.31212425,0.68940294,-1.91350079,-0.77423757,0.74078614,-0.10166427,0.51368904,-0.13901763,-0.32864606,1.57409716,2.55254006,1.73296094,0.25635368,-0.51309097,3.50834966,-0.08940826,-2.22509646,-0.41418353,2.40207434,-3.52513480,-1.59839547,-0.38458410,-0.68574691,-0.17543618,3.78607464,2.85703373,2.82351732,2.48785710,-0.19014627,0.10678068,4.18859291,-0.72449929,-0.00424365,0.26836145,0.26794291,0.86122376,1.66215312,-0.61900592,-1.42672718,0.30960527,-2.83512473,-2.14288664,-1.25197601,-0.01129140,-2.95541024,2.56144452,-1.83210814,-0.83768058,-0.27255234,-1.08125389,-0.94516128,-0.14804778,-0.78006810,-1.48948658,-3.61263633,-0.03758280,1.34320283,-0.34443986,-0.97088397,1.89141941,3.46232724,0.13400885,0.83800429,0.71401471,1.33150887,-2.34484816,0.41343850,-3.60626316,-4.65475607,-0.11765846,1.05993533,-0.35231790,-0.24643806,3.11536002,-1.37300646,2.33561897,-3.72133780,1.66517615,0.70104527,1.31758976,-0.64785075,3.36758113,-3.77229834,2.16586041,-1.67971683,0.61157578,-3.54902792,0.90456581,1.84402132,0.98735923,1.20771992,-0.52916962,-1.51244938,2.34294200,1.35414255,0.80454332,3.57731271,0.13762733,-1.15369070,-0.11270054,-1.61564648,-0.23888114,0.75379485,-0.25906029,1.41359782,2.29747343,-1.76408613,2.06546140,-0.18387569,-1.13176036,-0.79899651,-0.81703269,1.87960505,-0.35066381,-1.39492202,-1.53206468,1.75581360,-0.46339431,0.21873243,-2.45376992,-1.51007581,-1.15487957,-1.29590881,1.40500665,-0.33772343,-2.34195757,-1.63704455,-1.04910111,-0.06793563,-1.52051616,-2.52092981,-2.90259695,1.21793699,-1.67592466,2.03302217,3.02790928,-2.25074649,-0.01110877,0.47045344,4.26020908,-0.04394956,1.19908738,-0.26747540,1.65226054,0.64580607,0.32717460,0.81367630,-2.81426239,-0.34540474,-0.21195576,0.32381880,-1.34800446,-1.56096184,0.86220795,0.27475402,0.75786853,-1.46564806,0.09751366,-1.06200337,-1.41213810,1.73658872,-2.47886658,-0.90168232,-0.16579750,-3.32999182,-0.84005266,2.67153049,2.03809977,2.71605682,-0.48122472,-0.67618686,-0.43885404,0.69081324,2.41701674,-2.53620267,0.72772384,-0.58117932,-0.20107323,0.61053193,-3.07310748,2.18823719,1.07219863,-1.60898769,-2.00335121,0.34830377,2.32926774,-0.39046961,0.26906890,-3.58520460,-2.22589850,-1.99457026,1.47118902,-1.64341927,-3.72318816,1.17128074,0.12770952,-0.55462193,2.48467088,0.32789782,-2.15940166,-0.92477149,-2.48898935,-2.15267181,3.95945525,-2.47571015,0.08286134,-0.69975585,0.56154126,0.57270342,-0.61213899,-0.10428108,2.57392907,0.92208046,-3.12129879,1.37911201,0.40121055,1.63501513,0.26705506,-2.21556759,-1.43002176,-1.00979972,-0.06878309,0.58345932,1.22449303,-2.12452602,0.19232088,0.70217979,-2.27406001,1.74572909,-1.75146115,-0.26671827,-2.42152643,1.34784758,0.66452271,-1.77160203,0.70031238,0.31644845,2.55497074,-1.31139767,-0.58711141,-0.04495833,1.50128746,1.23460305,-2.26553392,0.23355229,-0.28565276,-0.06257641,1.63787735,-1.04317069,1.74497402,0.05621161,2.97595763,5.15975761,2.63812351,-2.16809130,0.21113981,-0.10489334,-2.98934436,2.81637073,1.98769915,-0.96301925,-1.60445583,-3.38770723,0.22955249,2.56023192,0.00611696,1.70217550,-0.35913152,-2.69309282,2.56709480,-1.43169165,-2.70607352,0.38156691,3.46780467,-2.33685946,1.41681933,-0.90765226,0.93379676,-0.30380571,-0.37981176,1.72204268,0.90383506,0.60178816,-1.97064567,0.82594883,2.00278735,1.68803895,0.62225765,2.97301030,-0.10791332,0.01399592,0.12695859,-1.30114841,-0.31164181,1.80077791,-0.61849749,-1.33166945,-1.99336064,1.47113895,2.88347340,-2.26639223,1.54853976,-1.24485922,-2.98565197,0.92255104,-1.04047263,1.81601357,0.45068619,-0.51072353,-0.32832667,-2.85876131,0.32380295,1.02775526,-1.00099146,3.32283425,1.05903792,0.59835511,2.82412338,-0.59935880,-0.09038919,4.69998026,-1.61965835,-1.42743278,1.27553225,0.48025510,-2.02867389,-1.39616275,-0.57243335,-2.08610892,1.26556897,1.36738360,-0.46991959,-3.28225064,4.28624010,0.18633299,0.41354471,0.79798478,0.43826914,-0.60482430,1.13304675,1.04520071,0.92643714,1.97912085,4.34611511,-1.45329130,-0.06528158,0.58753937,0.49591109,-0.63541973,0.10515128,-1.54353428,-1.04267454,-0.76195115,2.87131047,1.29025376,2.13319588,1.79829121,1.20612621,0.78794825,1.10032594,2.02373576,0.25613797,2.08729005,0.74687570,-0.31359252,0.89032394,0.81501257,2.10261679,1.53635442,-1.85506558,0.56426322,2.12874222,0.87164754,-3.06463742,1.54406345,0.19062312,-0.48988798,-0.64181024,4.08892727,1.22708058,0.21618950,2.38220167,3.23650551,2.23107958,0.48420551,0.52976549,1.69073033,2.21161675,2.17330265,0.94469798,2.34921694,1.82419920,-1.22293961,1.05374777,0.50226885,-1.12421274,-1.91730547,-1.64694941,-2.80970883,0.52361852,2.32428265,1.16389740,1.45595098,-0.65911108,0.20998406,-0.13974643,0.16041468,0.89064151,3.10745382,1.69941032,-1.47512460,-1.17584908,2.05579925,-0.18246631,0.77928072,-1.52291298,0.82422525,-1.41692042,3.26702332,0.11945055,-1.93270147,1.96260059,0.69129968,-0.46829012,-2.21203375,2.37438560,-0.28727019,1.01317489,-1.78401911,-2.70896506,-2.95113564,2.99689937,-0.33578554,-1.62059760,-0.16607137,-0.09767193,1.58015740,1.78063834,1.55783665,2.47877765,0.56100661,-0.71433097,1.90344965,1.31916511,1.34521258,2.07502770,0.80682158,-2.79153657,1.51481354,-0.61915052,-1.39615273,-0.18268827,2.05297565] WHERE rfid_tag = 'EMP009';
UPDATE employees SET face_embedding = ARRAY[-0.57988781,-2.44655848,-0.86390030,-1.51976657,-0.53178942,1.05692029,0.70532155,0.67164814,0.48513094,2.05252910,0.20559609,2.07314897,3.52755237,0.47931436,-2.86996627,-3.09410405,-0.48671880,0.46677190,-0.89436573,-0.76105672,-1.10530758,1.92268658,2.09622335,1.70730984,2.16479564,-0.47681770,-0.56083834,2.70112920,2.04667377,-0.06943472,0.08337439,-0.44276547,0.92442858,0.45467901,0.95124078,-1.21520495,0.57144463,1.18722701,-1.41149795,-2.35822082,-2.41679049,-0.35044912,1.52199817,0.51103967,-1.18665314,-1.23221254,3.00939512,-1.15922594,-0.14392762,1.61497712,2.58937788,0.23901969,-0.18866828,-1.30076802,-1.92435360,0.46434850,0.87301224,-0.58260316,0.13109867,0.93799269,-0.74888289,-1.30132663,-0.78831035,1.50817919,-0.16937287,-0.27061737,-0.94571358,-2.75026751,1.73738658,2.89124894,2.17287469,0.80614597,-0.00289790,0.51466268,-2.28638816,-0.22693437,-1.76719856,2.79712319,-0.39796937,-2.75212431,3.04522204,-1.60401797,-0.64396137,-0.72835046,0.16436657,2.46232891,0.03451812,-0.85042167,1.34640932,1.10340500,-1.23262131,0.13754344,2.13311696,1.47771835,-0.26184717,2.30691004,-1.22517645,-2.37306046,-0.76345468,1.06753945,1.70248556,-0.98064500,0.40259987,-1.73593795,-0.71223724,-2.00397325,-0.49451175,2.09195900,-1.37050402,2.07192779,1.31444144,0.01511483,2.28419304,-0.07279895,2.06458974,-0.23442768,0.36204538,-0.56957161,-1.97574687,-0.29107109,0.39625579,-2.79039931,0.41788417,0.32755283,-0.63720095,0.45132902,-1.30168962,-2.07307839,-1.71801519,-1.74200177,-2.41365051,-0.13459897,-0.44936612,-0.15990715,0.82016844,0.89029300,2.44563413,0.94831568,-1.55524778,1.30568373,-2.01858497,-2.11332774,-0.34033185,0.02418205,-0.18561684,-0.07882597,-0.47280180,1.70085120,3.05851054,4.17181921,-0.56890643,-2.47597170,1.85414159,0.85778475,-0.41304556,-1.03964627,0.99678874,1.07539332,1.42980623,1.75438309,-2.08638716,-0.96163970,-0.37926468,-0.39760730,-0.85928047,0.49515155,-1.02702391,3.37764382,2.14821839,-0.72562706,2.97026682,0.99024415,-1.38503945,0.32657355,1.94900405,0.47904718,0.78457826,1.03874660,-0.78893280,-2.03041744,3.01745152,3.07646942,1.75997901,-0.38695502,-0.85459745,0.70554191,-3.13135242,-1.16108990,-0.21795091,0.33014053,-0.69131720,-0.76474196,-0.02973228,-1.00945866,-1.26088381,-1.30717254,0.39994597,-1.33963406,0.94016331,1.21499300,1.45542634,-0.55223036,0.76528823,-0.75034994,1.13424039,-0.07164861,0.70741814,2.12912607,-0.84603518,-1.39565825,2.70015383,-2.97829342,1.64617467,-2.66635108,1.22418439,-0.94455636,0.67035037,-2.24565077,0.61818516,-1.71390080,-1.17233336,-0.91508371,0.09439227,0.15954027,1.13227808,0.17763928,5.31157589,-0.93905884,-0.68706793,-1.57495189,-0.99226427,3.74681807,-0.84879029,0.64647210,-1.93384492,0.78241575,-0.26009616,-1.17147899,-1.10998130,3.75480151,-0.43498200,1.09625065,1.11763501,-0.29863602,-3.40932584,0.71171737,-1.17914140,0.01669429,0.84786141,2.24144673,0.95632416,-0.87924975,1.52465081,0.70650321,0.31994307,-0.71405816,0.26907530,-1.46396625,0.94239271,0.10443695,-1.66604006,-1.14582491,1.47282290,2.82794333,-0.90162539,-0.56500757,-0.75067174,-1.95720685,0.03536350,0.74026275,0.12622884,1.84635162,0.14906338,1.56364810,1.28071105,-1.49125624,0.78053385,0.03405161,1.18659532,-0.52994359,0.90595257,1.08592772,0.42771700,-3.44632101,-1.29517603,-0.88902587,-1.96830726,2.49767971,1.04237378,-0.74905026,0.52074969,0.07841674,3.42717910,1.12514687,3.72490859,1.26829672,1.60505188,-0.08613334,-1.92853415,0.61894548,-4.57321358,-0.67085439,-1.36653686,-0.50271595,-1.79163241,3.60796881,-1.38281143,0.36301336,1.09362781,0.18327931,2.43244433,-2.10474253,0.99731290,0.89599550,0.42016223,1.34533489,0.01431469,-0.51331365,0.49498188,1.56930411,1.32913375,-0.30483994,0.48661318,2.07867789,2.92291880,1.46128070,-2.32107425,-1.51467478,-0.36355069,1.02036834,-1.48345470,-0.18165109,0.32558882,0.14547507,0.98349303,0.85828716,0.22495301,0.74992168,-1.33742082,-0.85318565,2.27108741,2.97903872,1.67133737,-0.32566315,0.69153702,-0.20462923,0.06008539,1.32438099,0.55325538,1.13268256,-1.14668655,-1.09359169,-0.32655543,-0.73536026,-1.23365915,-0.85723341,0.09412504,1.55165970,0.23156177,-1.46571124,0.54070592,1.33103061,0.10744293,2.40008521,-0.22551660,-0.90449673,0.83549559,0.72906250,-2.54047513,1.26344037,0.23702741,-0.76205802,0.17950040,0.99144340,0.60034043,-0.87176144,-0.38084102,-0.09997433,-0.27063152,-0.39023244,-0.26218730,1.85283625,-1.23138976,3.89991093,-0.10567430,2.08591914,0.91758299,-0.34358793,2.13041115,2.44937801,0.87764120,-0.37149259,3.32379675,-0.90085304,-1.11413503,-0.96973079,1.34902096,-1.96991789,-0.24621826,1.93842733,0.88143432,-0.85837185,0.08835883,-0.35307658,2.23041558,2.05196118,0.18436532,-0.46556717,0.92203909,3.34372854,-1.10697854,0.06179884,1.98618007,0.76701176,2.43340063,1.20046353,-1.11658251,-0.29056817,-0.32829502,1.20425522,1.33408356,0.26325497,0.07206348,-0.80941731,-1.56645977,5.47931719,0.91880351,-0.11744596,-1.63518965,-2.48601151,0.60933560,0.38434824,-2.78054118,-0.61834347,-2.00551152,3.17626977,0.70804733,1.37077260,-0.16500443,-1.40510464,0.74320060,0.24138695,-3.44125104,-0.54750240,-1.81975174,-0.42605069,0.58334714,0.48175111,0.67503965,2.21970439,-1.33537340,0.32176226,0.49631125,-0.55745643,-0.72759444,0.47628331,-0.50308496,1.06891811,-1.63799024,2.93457103,0.28185242,2.46358299,0.80259395,0.75956464,2.22991014,0.36250710,-1.25288284,3.49102807,-0.44321948,0.22960050,-1.60413647,2.34966302,1.00926030,0.60172564,0.59823823,2.31895113,1.37419820,0.15522897,1.80360997,-1.55378175,0.64957744,2.42260480,0.81081498,0.89807975,0.64281756,-2.30136609,-1.42722714,-0.97624856,-1.71653163,-1.15758801,1.51916361,-1.16083109,-1.78638434,1.32796466,-0.91085368,0.10321896,-1.37958550,-0.89931726,2.92870593,-2.81263447,-2.57318687,-1.17485559,-1.71172023,-2.14515448,-0.79701412,0.80619097,-0.30264890,0.30153403,0.90971798,-2.43390179,2.17368293,-0.07239093] WHERE rfid_tag = 'EMP020';
UPDATE employees SET face_embedding = ARRAY[-1.38234425,1.84310806,1.95959735,-0.77071053,1.72682858,-0.23837024,1.25370705,-0.06068299,0.82727295,-0.59765166,-1.74193597,-0.53348213,-0.20704997,0.14189757,0.73877907,1.01741850,-0.61106247,1.71949577,-1.10895395,1.89164793,0.40784341,-0.94637960,-1.21619582,-0.99480373,-0.05560286,0.87912607,1.29893184,-1.97912300,-2.89161921,2.13337898,0.73277265,-2.83029270,1.02312064,-0.01599508,0.64463586,0.14995593,-1.05126810,1.79144216,3.23774242,-1.11465478,0.21805935,-0.26089641,1.52836287,-1.23159122,-0.50390643,-1.40243495,-2.53875709,0.91577816,-0.22117864,-1.17792833,-0.11091039,0.96229696,-0.13751721,-2.07200837,-0.33523482,0.13689294,1.29527009,-0.91124219,-2.37037921,-0.35076404,-0.24654675,-0.45718962,0.81588405,0.70160091,0.16533068,-2.65460491,-0.19943675,1.42049503,-0.76466203,-0.20235306,-0.56740475,-0.89731383,-0.88999671,2.01584864,-0.34467065,2.86686492,0.19153048,-0.54436070,-1.06737518,1.18643868,2.10742450,0.61913812,-1.13146007,0.70890772,0.77771783,-0.05454514,0.59996676,0.10708730,1.24256110,2.76120591,1.96822965,-0.02691345,2.27126622,-1.04087090,-0.48118636,1.17418253,1.21436000,1.87681723,-0.40078691,1.88397515,-1.22453380,-0.42032626,1.70639539,-1.48530245,-0.63815951,-1.02126932,-0.76971960,-0.47004586,-1.37059093,-0.87209582,-0.04656877,2.11580944,-0.24235424,-0.10986816,-1.24771774,-0.94016767,2.57453084,0.03905914,0.93425447,-0.17181997,0.93723112,1.14463735,1.13934588,0.93986684,1.28242803,0.13607532,0.13635844,2.55390453,-1.72349012,-0.08409108,-2.15581346,2.26803756,0.82726079,-0.64049011,0.13171458,-0.23672327,0.48314187,-1.47994471,1.55254543,-1.00359166,-0.98008120,-0.84440315,-0.77191669,0.81061041,-0.47416580,0.67001486,-1.08392727,-0.76278257,-1.50133169,1.38213956,-0.92386454,0.11913961,1.19127798,0.06354880,0.82811403,0.92838365,-1.04076636,-0.16332854,-2.56353760,-1.00751042,-0.15642661,0.46859786,-0.83432537,-0.45011193,-1.11635244,2.96418810,0.70257068,-0.86142731,-0.37746754,-0.77016705,1.66897368,2.10517859,-2.30592442,0.23223731,0.17870772,-1.20756102,-1.38633668,1.07646608,2.78036904,1.92696500,0.12594126,0.87677890,3.55582023,-0.06171902,-1.48241246,-0.82056522,0.01333543,1.72962224,0.49554268,-1.30684447,-1.38777041,0.47703996,-1.95969045,-0.05741379,0.42581481,-1.63715196,1.55989957,1.11577308,1.55852664,0.19358374,0.02924129,-0.85347009,0.91350299,1.07447863,-0.23471467,-0.42428997,-0.33197519,0.33561519,1.99833798,0.09360652,0.80993778,0.21647649,0.48545477,1.28503788,-1.96672642,-2.00430655,0.99083608,-0.67203683,0.99739152,-0.00121940,0.25005522,-0.90059209,1.09671342,-2.97338533,-1.89972293,-0.23656045,-0.85324746,-1.89946449,-0.85892850,1.46082067,0.01505126,-0.45832267,-0.33488962,-2.63647938,-0.02275312,-1.19210005,-0.38630399,2.60422850,1.18674731,0.94836408,1.42473269,0.35857242,0.24319805,0.51197684,0.72782105,0.40455851,0.59248972,-1.08959460,-0.51464254,-1.33477950,0.63901109,-0.02650292,0.89815766,1.58203328,-1.32567370,0.96804911,-0.28351289,1.13309240,-2.26647329,1.52932119,1.87808561,1.39735258,-0.08744500,-1.30132890,-0.81126767,0.69818175,-1.42373097,1.05714512,-0.86157912,-1.25448740,-0.90335113,2.30754280,1.46780932,0.50398147,-2.45584273,-1.13661611,0.69758034,-0.70975536,-2.91536236,0.06291631,1.03632081,-1.95300376,0.51574969,0.90583253,0.40915614,-0.34427136,0.27137491,0.86237139,-0.42754310,-1.17269528,-2.29660010,1.22544777,-0.31369737,0.84362000,0.46350691,-0.32435569,1.35858238,0.95902246,-0.31879127,1.07010603,0.62385458,0.24633959,-3.03877068,1.48049891,-1.28845429,1.89603806,2.41242981,0.17396677,0.84544498,0.16939551,-1.44987285,1.58262849,-1.08876801,0.53241241,1.29238331,-1.04689407,-1.46734369,-0.18276662,1.71680522,0.62321591,-0.38252684,1.44617450,1.66651762,-1.23552573,1.99259973,1.09992039,0.80610532,-0.01914018,0.07888678,0.19884883,0.12486000,1.24528527,0.60788476,0.91682720,-1.26455486,-0.86030138,1.22435868,0.25239497,-0.29571074,0.32486951,-1.03564286,-1.25716460,-0.02399834,-0.27305174,1.85786211,0.89054888,2.90699267,-0.34200120,-0.80945933,-1.85663319,-0.70193130,0.44149548,0.98556727,1.40003312,-1.93010736,2.01528597,0.17217316,2.28003883,-0.62630600,-0.66600931,-1.34234416,-1.18105412,-0.06443920,-2.77238417,-0.01863793,1.67176020,2.04834509,0.57811999,1.71786880,-1.72732902,-0.76335502,0.86234879,-2.11740041,0.54176515,2.37663364,-1.04637897,2.08178282,-1.25749886,2.24888754,2.09617901,0.50335735,-0.57131588,0.93656588,2.42821980,0.56830770,0.24151318,0.55287278,0.36812624,1.12903166,-0.51682943,-1.63470554,-0.36935249,3.44542027,-0.97351736,0.04638269,-0.41271830,-1.93019545,0.68529963,0.17906387,0.74029368,-2.12626123,-0.47137749,-1.04834998,-1.60762048,0.80693370,0.88752484,2.31098747,1.73817074,0.50045568,-1.55433095,-0.13612780,0.46738800,2.06670117,2.03571248,0.38702443,0.01597885,-0.08513297,-1.02020586,-1.38335466,0.42401120,1.14302158,1.65722549,0.97064787,-1.43097579,0.91737360,0.33976278,-0.07829092,0.38278154,1.72632289,-2.31561255,1.73664451,0.67432928,0.22838916,1.52209890,0.73757350,0.95264775,-0.38796771,1.26387215,0.55613840,-0.70938188,-1.95716405,0.64419430,-0.19741353,0.89214098,0.51685101,-1.34166026,-0.57156038,-0.77664191,-2.37636542,-0.32022652,-0.76537174,-1.74940944,-0.78062034,-0.29741773,-1.93970346,-0.02616635,-1.25732136,-0.41497460,-0.01500698,-3.80125117,0.69922477,-1.15795970,-0.20978960,-0.17712548,1.12417591,1.22848797,2.85375834,-1.20160067,-1.41561294,1.89606380,0.64881372,-2.26054549,-1.27459717,-0.65214241,0.23444164,-2.69534898,0.12133832,0.65898031,-0.09584276,1.41595018,-1.22640526,0.94698524,0.58549565,-0.51938611,0.08204433,0.63678896,1.14172959,0.70323271,1.73988533,-0.86267197,-0.21974912,-0.33452973,0.89951938,-0.46765554,-0.45522681,-1.11950529,-2.35846615,2.34752297,-0.49345067,-0.04082703,2.84984756,1.21030080,-0.52247649,-0.30478173,1.68613279,0.24238099,1.21778464,0.63601917,-1.81312191,-0.81803346,1.55556381,0.93627697] WHERE rfid_tag = 'EMP021';
UPDATE employees SET face_embedding = ARRAY[-1.00350451,1.07363212,1.65189493,-1.60422945,0.37080371,-0.30763346,1.28613234,1.00415087,-0.17317414,-1.62644827,-0.04504264,0.47523054,-0.57367492,0.01263095,-1.31470180,1.96586967,0.24793917,-1.33061218,-1.05502641,-0.21154471,-0.18229112,-0.03266685,0.13841929,0.18939346,0.61486894,0.80019993,1.37762022,-0.74324268,-1.30673754,1.01682591,-1.07155418,0.68148816,1.74223518,1.89021909,-0.23905227,-1.12432396,0.19215067,1.64445210,-0.74125165,-1.10263896,0.61731291,0.25712809,-1.01308751,-0.35177577,-1.25094211,0.65257007,1.10263932,-0.32684937,-0.84135157,0.48847547,-0.04326763,2.72091722,-2.58747125,-0.46488190,0.09617110,1.34831536,1.47833967,1.67523515,-1.01325178,-1.96327639,0.98392344,2.08286953,2.55051470,0.15652400,-2.96267486,-1.06753397,0.84821618,-2.29719591,-1.02315378,-1.34258950,0.65106648,-0.33427718,3.40602612,-0.08280357,-0.47702724,-1.06761765,-0.88408190,-0.30800498,-0.68781495,2.83078480,-0.22563876,-0.18093674,-0.11755583,0.99737597,-0.06459984,0.94916803,-2.14675760,1.58103871,1.44948018,2.31160402,-0.35984105,-0.36119285,1.25684488,-0.39991686,0.00174455,-0.44736099,0.63849795,1.71510172,1.32360053,0.35141242,-1.30598998,0.93914306,2.09446287,-0.38554731,-1.25534797,1.40411985,-2.06702089,0.59810656,-2.08266044,0.39822221,-1.16007781,0.63416731,-2.24875093,-0.86510015,0.09225608,-1.15919614,0.77165550,-0.83889973,0.59053969,-1.83250415,-0.39871746,2.24633551,-0.12373967,-2.89539552,-1.73875535,-1.61991036,-3.25937486,-1.20558476,1.22662318,-1.26958895,0.38571697,0.71203154,-0.74136245,0.80974638,-2.07489634,-0.68143082,-0.19317542,2.18750572,1.30473268,-1.05112982,-0.78498447,2.25712371,-1.49208236,1.43091774,0.79471278,-0.16094142,1.36637902,-0.88752079,-0.79328078,0.61943585,-1.22954559,-0.10406628,0.37439173,0.54768091,0.70492643,-0.74396229,-0.97042960,-0.75784141,-0.66306496,-0.47606751,-2.97365499,2.23227453,0.12212037,-0.69610059,-0.87153417,0.32134137,0.24009228,0.64346546,-0.60588646,-1.53926659,-1.29090273,-0.06401169,-0.62139446,2.18934464,-0.49903381,-1.36001086,-0.35261163,-1.33909726,-0.64427608,-0.05713337,1.66165769,0.72033995,-0.38617018,-0.52894908,0.40093830,0.36435840,1.19892073,-1.41067612,0.77561224,0.21615915,-1.84501183,0.24062656,-0.83083850,1.51739240,2.91664720,0.41673583,1.74731636,0.66605711,1.00187171,-1.17593062,-0.43926719,-0.74936670,-0.05675057,-0.14305177,1.39436018,1.32667661,0.58400321,1.15978765,0.74260908,-0.89519566,0.22808452,1.16267025,-0.04596712,0.48787037,0.30096811,-0.08092514,-1.28808618,-0.65663666,-2.56347299,1.65400755,-1.05983627,-0.88931769,-0.17632619,-0.93776995,-1.17141128,-0.35583016,0.65231484,0.38887045,0.57797551,3.39075828,-0.35910705,-0.97522044,-2.94681764,-1.31608140,0.75772327,1.26840007,-0.38870102,-0.09833252,1.84905481,-0.24874157,-0.28926697,0.30264840,-3.02278304,-0.60629541,0.06485571,0.02228085,0.35685518,0.25949782,0.87944996,-0.92245513,0.19774103,-0.06656840,0.39072067,2.13325644,-0.03163598,0.09565620,0.58986086,-1.74150467,-1.88495743,-2.38876891,-0.09153540,-2.41775489,-1.20729136,2.46942902,0.57198620,-1.12235093,-1.62036109,1.13229561,0.04717193,1.88500357,-1.45841432,0.48805636,-0.15302129,-0.31916660,0.28055349,-2.01459432,0.79691344,-2.12928915,1.60974967,-0.03451956,-0.53117901,-0.00922382,-0.45400673,-1.39525521,-0.29264253,-0.01940797,2.70524478,2.55592394,-0.41992825,0.74889696,1.77956820,0.02719479,-0.77121997,-0.23986503,1.44022620,-0.25257879,1.11642873,1.04107368,-0.30280682,0.92874169,2.46476030,1.43453383,0.29225016,0.68899512,-1.43939674,-0.39594176,0.39953074,0.06440814,0.47807372,1.13474965,1.19539547,0.03605487,1.81020367,2.51589680,-0.26331562,0.75763750,-1.69263375,1.22291160,2.11760902,-3.42922688,-0.96324861,1.03496730,1.14343154,0.13080204,-1.23351252,-1.12514448,0.27953711,-0.06147826,1.27237475,0.36995441,0.26022103,2.20622587,1.28036511,-2.00832248,0.46631470,1.03730047,1.48028791,1.13808358,-0.37896925,-0.35061961,-1.03609765,0.94632322,-1.39102244,-1.03799558,2.71564579,-0.47786707,0.84878320,0.13113068,-0.11447138,1.69770813,1.18787074,1.00876498,-0.80019581,3.39795995,0.31515586,0.93365097,-0.86384463,-0.40302804,-1.66396523,-1.31507087,-0.78671956,-0.98957664,-0.56099933,-3.85396004,-1.30474019,1.88183498,2.58302617,0.11091521,-0.84029084,-2.43423486,0.51604319,-0.63306999,0.99215519,0.35515732,-1.62836993,0.95637709,0.43035451,1.29266298,1.48906660,-0.46641505,1.00152910,0.18315354,-3.20522857,0.98597819,1.40364218,-0.04414587,0.27031142,2.05990577,-1.16089582,0.97553372,-0.12575185,1.36726344,2.75072908,0.33143026,0.79676318,-2.09414911,-3.82832789,2.00308514,-1.07822168,-1.71991074,-1.73118341,-0.87429678,-0.22348458,0.27737015,1.05841625,-0.42138970,-1.29105043,1.43992209,-1.16281235,-1.52998221,1.11544085,-0.28445557,0.95917314,0.65195918,0.13699937,-0.55370528,0.06720607,-0.61312538,-0.92849934,-1.18272281,0.74330312,-0.17781438,1.58252823,-0.82493222,-2.84157586,3.50091553,-0.47805175,-0.19899713,-0.27489340,-0.81612980,0.48180330,1.32305467,-0.45873708,-0.41175032,1.75483966,3.03797436,1.05167019,0.64915496,-0.85378784,0.65822625,-0.92922020,2.49372292,-1.36438143,0.65700829,0.27293885,1.41581368,0.49547994,1.73285019,-2.89963174,-0.04061950,-1.44188023,-1.97527528,-0.04607684,-0.44124094,2.51989794,-1.53761590,0.43615681,-3.07148838,-2.51927638,-0.05044302,-1.40410888,0.87161779,0.34032220,1.34117031,1.24102437,0.94384325,-1.28761554,-0.44828770,0.62401503,-0.28218073,0.26586470,-1.27487099,-0.10264665,-0.06638608,0.39106515,-0.71789730,2.16428685,-1.33707380,0.67545432,1.59542036,-0.24754541,1.38443601,0.12613127,0.07895038,2.69708061,1.49765325,1.94083273,0.91078764,0.06009956,-0.90771854,0.83209348,-2.85958648,0.03927931,-0.24161513,-1.06533194,0.10019927,-0.79389805,1.09279358,-1.11108065,-0.96209663,2.15740895,-0.58575875,1.70031047,1.58542895,-1.19800198,0.69855905,-0.63152504,-0.36536011,-0.30939749,-0.85098422,1.05890191,0.75319636] WHERE rfid_tag = 'EMP022';
-- End Auto-generated Embeddings --
