-- Clear existing data
TRUNCATE TABLE verification_images CASCADE;
TRUNCATE TABLE access_logs CASCADE;
TRUNCATE TABLE notification_history CASCADE;
TRUNCATE TABLE employees CASCADE;

-- Insert employee data with standardized RFID tags and roles
INSERT INTO employees (id, name, rfid_tag, role, email, face_embedding, active, last_verified, verification_count, photo_url)
VALUES
  ('296c37de-8dbb-4479-a12a-90f59a91a54b', 'Sebastian Galvez', 'EMP002', 'Security Officer', 'sebastian.galvez@acme.local', NULL, true, NOW(), 0,
   'https://icaqsnveqjmzyawjdffw.supabase.co/storage/v1/object/public/Campus-Security-and-Evacuation-System/employees/employee_296c37de-8dbb-4479-a12a-90f59a91a54b_profile_1745411696.jpg'),
  ('841a532c-6904-45a7-b3fe-b719bf9588f1', 'Luke Reynolds', 'EMP003', 'Security Officer', 'luke.reynolds@acme.local', NULL, true, NOW(), 1,
   'https://icaqsnveqjmzyawjdffw.supabase.co/storage/v1/object/public/Campus-Security-and-Evacuation-System/employees/employee_841a532c-6904-45a7-b3fe-b719bf9588f1_profile_1745411327.jpg'),
  ('56637754-b86c-436d-80da-f2b09433ceba', 'Anthony Hailey', 'EMP004', 'Administrator', 'anthony.hailey@acme.local', NULL, true, NOW(), 2,
   'https://icaqsnveqjmzyawjdffw.supabase.co/storage/v1/object/public/Campus-Security-and-Evacuation-System/employees/employee_56637754-b86c-436d-80da-f2b09433ceba_profile_1745411012.jpg'),
  ('57f478ed-d79d-4874-b255-327f1868db88', 'Dakota Dietz', 'EMP005', 'Security Officer', 'dakota.dietz@acme.local', NULL, true, NOW(), 3,
   'https://icaqsnveqjmzyawjdffw.supabase.co/storage/v1/object/public/Campus-Security-and-Evacuation-System/employees/employee_57f478ed-d79d-4874-b255-327f1868db88_profile_1745411126.jpg'),
  ('efd6d697-9c09-446e-b486-3441f25040fc', 'Manuel Fermento', 'EMP006', 'Administrator', 'manuel.fermento@acme.local', NULL, true, NOW(), 0,
   'https://icaqsnveqjmzyawjdffw.supabase.co/storage/v1/object/public/Campus-Security-and-Evacuation-System/employees/employee_efd6d697-9c09-446e-b486-3441f25040fc_profile_1745411618.jpg'),
  ('e9d1edfd-c778-4aee-96e4-cde9ca3f191e', 'Robert Ackerman', 'EMP008', 'Security Officer', 'robert.ackerman@acme.local', NULL, true, NOW(), 1,
   'https://icaqsnveqjmzyawjdffw.supabase.co/storage/v1/object/public/Campus-Security-and-Evacuation-System/employees/employee_e9d1edfd-c778-4aee-96e4-cde9ca3f191e_profile_1745411653.jpg'),
  ('fcb7cf71-654d-4d6e-b1e8-a0d4d9f00b8f', 'Santiago Zambrano', 'EMP009', 'Security Officer', 'santiago.zambrano@acme.local', NULL, true, NOW(), 2,
   'https://icaqsnveqjmzyawjdffw.supabase.co/storage/v1/object/public/Campus-Security-and-Evacuation-System/employees/employee_fcb7cf71-654d-4d6e-b1e8-a0d4d9f00b8f_profile_1745411673.jpg'),
  ('2a9ddfb4-cb07-43f3-96c5-4ede0bf9467b', 'Kyle Holliday', 'EMP020', 'Engineer', 'kyle@acme.local', NULL, true, NOW(), 3,
   'https://icaqsnveqjmzyawjdffw.supabase.co/storage/v1/object/public/Campus-Security-and-Evacuation-System/employees/employee_2a9ddfb4-cb07-43f3-96c5-4ede0bf9467b_profile.jpg'),
  -- Added Kaleb Cole and Griffin Holbert --
  ('f9941e45-5897-405c-8ec6-8e337a5ded49', 'Kaleb Cole', 'EMP021', 'Security', 'kaleb.i.cole@acme.local', NULL, true, NOW(), 0,
   'https://icaqsnveqjmzyawjdffw.supabase.co/storage/v1/object/public/Campus-Security-and-Evacuation-System/employees/employee_f9941e45-5897-405c-8ec6-8e337a5ded49_profile.jpg'),
  ('868e5428-adf6-46c2-b2cb-7f04e6f4ee0a', 'Griffin Holbert', 'EMP022', 'Engineer', 'griffin@acme.local', NULL, true, NOW(), 0,
   'https://icaqsnveqjmzyawjdffw.supabase.co/storage/v1/object/public/Campus-Security-and-Evacuation-System/employees/employee_868e5428-adf6-46c2-b2cb-7f04e6f4ee0a_profile.jpg');
 



-- Mock Verification Images and Logs (2025-04-23 10:19:25) --
INSERT INTO access_logs (employee_id, timestamp, access_granted, verification_method, session_id, verification_confidence, review_status) VALUES ('56637754-b86c-436d-80da-f2b09433ceba', '2025-04-23T04:42:25.439707', TRUE, 'BOTH', '589f712d-db65-45c1-a799-ab14b83a08b4', 0.91, 'approved');
INSERT INTO verification_images (session_id, storage_url, timestamp, processed, embedding, confidence, matched_employee_id, device_id) VALUES ('589f712d-db65-45c1-a799-ab14b83a08b4', 'https://icaqsnveqjmzyawjdffw.supabase.co/storage/v1/object/public/Campus-Security-and-Evacuation-System/verification_images/session_589f712d-db65-45c1-a799-ab14b83a08b4.png', '2025-04-23T04:42:25.439707', TRUE, NULL, 0.91, '56637754-b86c-436d-80da-f2b09433ceba', 'mock-esp32-001');
INSERT INTO access_logs (employee_id, timestamp, access_granted, verification_method, session_id, verification_confidence, review_status) VALUES ('868e5428-adf6-46c2-b2cb-7f04e6f4ee0a', '2025-04-23T01:18:30.266453', FALSE, 'FACE_ONLY_PENDING_REVIEW', '83d1d49f-852c-4180-9ab9-de95d7b60d73', NULL, 'pending');
INSERT INTO verification_images (session_id, storage_url, timestamp, processed, embedding, confidence, matched_employee_id, device_id) VALUES ('83d1d49f-852c-4180-9ab9-de95d7b60d73', 'https://icaqsnveqjmzyawjdffw.supabase.co/storage/v1/object/public/Campus-Security-and-Evacuation-System/verification_images/session_83d1d49f-852c-4180-9ab9-de95d7b60d73.png', '2025-04-23T01:18:30.266453', FALSE, NULL, NULL, '868e5428-adf6-46c2-b2cb-7f04e6f4ee0a', 'mock-esp32-001');
INSERT INTO access_logs (employee_id, timestamp, access_granted, verification_method, session_id, verification_confidence, review_status) VALUES ('f9941e45-5897-405c-8ec6-8e337a5ded49', '2025-04-22T15:07:31.386041', TRUE, 'FACE', '44a5721c-e4f4-4854-a5d3-27fe84e5c5eb', 0.96, 'approved');
INSERT INTO verification_images (session_id, storage_url, timestamp, processed, embedding, confidence, matched_employee_id, device_id) VALUES ('44a5721c-e4f4-4854-a5d3-27fe84e5c5eb', 'https://icaqsnveqjmzyawjdffw.supabase.co/storage/v1/object/public/Campus-Security-and-Evacuation-System/verification_images/session_44a5721c-e4f4-4854-a5d3-27fe84e5c5eb.png', '2025-04-22T15:07:31.386041', TRUE, NULL, 0.96, 'f9941e45-5897-405c-8ec6-8e337a5ded49', 'mock-esp32-001');
INSERT INTO access_logs (employee_id, timestamp, access_granted, verification_method, session_id, verification_confidence, review_status) VALUES ('2a9ddfb4-cb07-43f3-96c5-4ede0bf9467b', '2025-04-22T23:42:32.563346', TRUE, 'BOTH', 'df071cb7-d479-4fff-bb33-302d641ecf88', 0.99, 'approved');
INSERT INTO verification_images (session_id, storage_url, timestamp, processed, embedding, confidence, matched_employee_id, device_id) VALUES ('df071cb7-d479-4fff-bb33-302d641ecf88', 'https://icaqsnveqjmzyawjdffw.supabase.co/storage/v1/object/public/Campus-Security-and-Evacuation-System/verification_images/session_df071cb7-d479-4fff-bb33-302d641ecf88.png', '2025-04-22T23:42:32.563346', TRUE, NULL, 0.99, '2a9ddfb4-cb07-43f3-96c5-4ede0bf9467b', 'mock-esp32-001');
INSERT INTO access_logs (employee_id, timestamp, access_granted, verification_method, session_id, verification_confidence, review_status) VALUES ('841a532c-6904-45a7-b3fe-b719bf9588f1', '2025-04-23T05:20:32.974637', FALSE, 'RFID_ONLY_PENDING_REVIEW', 'c675b315-ae87-4e9b-a440-22fe2d8f3ff9', NULL, 'pending');
INSERT INTO verification_images (session_id, storage_url, timestamp, processed, embedding, confidence, matched_employee_id, device_id) VALUES ('c675b315-ae87-4e9b-a440-22fe2d8f3ff9', 'https://icaqsnveqjmzyawjdffw.supabase.co/storage/v1/object/public/Campus-Security-and-Evacuation-System/verification_images/session_c675b315-ae87-4e9b-a440-22fe2d8f3ff9.png', '2025-04-23T05:20:32.974637', FALSE, NULL, NULL, '841a532c-6904-45a7-b3fe-b719bf9588f1', 'mock-esp32-001');
INSERT INTO access_logs (employee_id, timestamp, access_granted, verification_method, session_id, verification_confidence, review_status) VALUES ('fcb7cf71-654d-4d6e-b1e8-a0d4d9f00b8f', '2025-04-22T20:32:33.730181', TRUE, 'FACE', '02fe63be-ff2d-4dea-959a-7f48fb82f0f0', 0.97, 'approved');
INSERT INTO verification_images (session_id, storage_url, timestamp, processed, embedding, confidence, matched_employee_id, device_id) VALUES ('02fe63be-ff2d-4dea-959a-7f48fb82f0f0', 'https://icaqsnveqjmzyawjdffw.supabase.co/storage/v1/object/public/Campus-Security-and-Evacuation-System/verification_images/session_02fe63be-ff2d-4dea-959a-7f48fb82f0f0.png', '2025-04-22T20:32:33.730181', TRUE, NULL, 0.97, 'fcb7cf71-654d-4d6e-b1e8-a0d4d9f00b8f', 'mock-esp32-001');


-- Auto-generated Embeddings (240x240) (2025-04-24 12:35:34) --
UPDATE employees SET face_embedding = '[0.1508735865,-0.8722037673,0.6010404229,0.3700488508,1.2996069193,-0.5796828866,0.1347978711,1.4976283312,1.0740469694,1.5726994276,-0.4363205135,-1.2495272160,-0.4102816880,-1.9501326084,-3.3073658943,-0.2090889961,-1.1995552778,-1.9929195642,-1.2308499813,0.4503197968,-0.1875406802,-0.9336041212,0.2933777273,-1.0982791185,-1.5716933012,-1.2478702068,0.9684091806,-1.6241633892,-3.0186848640,1.7118010521,-0.3067862689,1.1038221121,2.0577366352,0.8066844344,-1.6055248976,0.3948230445,-3.0815093517,0.0373701043,-3.0142071247,-1.5969456434,-0.9474602342,0.9188138843,-2.3687179089,-1.7130074501,0.8393509388,-1.5869506598,2.0227112770,2.0588266850,-0.0369349495,1.9936442375,0.0928647220,-1.9181072712,-2.4444358349,-1.2604069710,1.0008916855,2.1183185577,1.6982426643,-1.5264835358,-0.4698456228,-1.0004136562,1.6673033237,0.4704989791,0.1894842386,0.0521489903,-1.7556338310,-2.3431184292,-0.1965590566,-1.9012306929,-1.1707551479,-0.5125170946,-0.1978066415,1.5477085114,-0.2722351253,-0.0262772497,-0.7071529627,1.2779165506,-0.4174950421,-0.0809309408,2.1263771057,-0.9983017445,1.2301391363,-0.4388898313,-0.5775110126,0.4021146595,0.1755068004,-0.7164154053,0.9726288915,-2.7452683449,1.8475278616,2.3546614647,1.3039903641,0.0861895308,1.2757897377,-1.7658478022,2.0500800610,0.2518808842,-0.3449218273,-1.9935421944,0.0322766639,-0.6294081807,-0.9534835815,-0.1500218809,-0.4700669944,1.0935238600,0.7305528522,0.2330192178,-0.6432048678,4.0843839645,0.6665415764,0.9287472367,-0.5528215170,0.3743982911,-2.6332807541,-0.6816548705,1.3226138353,0.7836026549,0.0751858428,-3.4665768147,0.2648434639,-2.6604182720,-1.8410037756,1.5270291567,0.5109264255,0.5797696710,-1.0432319641,-0.9772977829,-1.4296690226,-0.8457508683,-0.1124201640,3.1598925591,-1.2277699709,2.4635632038,-0.4139342606,3.8885738850,-1.1854133606,2.6527531147,-0.0250986163,-0.4428457022,-0.3816485107,1.4497007132,1.6450701952,1.6389735937,2.3401162624,3.0354728699,1.3179881573,1.7276146412,-1.3822408915,-0.7612323165,-2.1832842827,3.6223206520,-0.6191139221,-2.7346150875,-1.0543668270,-0.8736359477,-0.1206807420,0.3827749789,-2.9228200912,2.8703720570,1.1121710539,1.2519297600,-2.2194960117,-0.1486567855,0.9952054620,-0.2794294655,1.8484904766,2.4663343430,0.1193501949,1.1055804491,5.1056213379,0.0224988963,-3.8437502384,1.0680291653,2.4922773838,0.7624573708,-0.4465160668,-1.5921399593,-4.5421919823,-0.5146444440,-0.1697100848,0.1277848631,-0.1585150510,0.4530088305,-0.1026032418,-1.3612581491,-0.8565965295,0.9302545786,-1.2206696272,0.0585737750,-1.6570364237,-1.0115242004,-1.0740194321,0.7110223174,-4.4385104179,-0.1873312443,0.9883234501,1.1701235771,2.0984973907,-0.1749431938,-1.1095854044,-0.1222828403,0.5665501952,2.6486506462,0.1554889381,-0.3740595877,2.2248244286,0.6842326522,0.2981179357,0.2250636071,-1.5659157038,0.2261197567,1.6424967051,1.0996993780,0.1333223134,-1.4718046188,2.6502115726,-0.4670636058,0.4108698666,-1.9404686689,0.7259258628,-0.0145569239,-3.4423956871,0.8444895744,2.4873645306,-2.0172188282,1.1455546618,1.1691818237,2.1533021927,-2.2006134987,-0.0806445181,1.7446886301,-1.1733001471,0.5601955652,-0.7175647020,-1.7508648634,0.9950592518,4.1030740738,-0.2047514319,-1.8004499674,-1.1071699858,-1.4801477194,0.6032840610,0.4394566119,-2.1526803970,0.2917220891,3.1216571331,-0.4885002375,-2.6388390064,0.0761893913,-0.1955263317,-2.3314507008,1.1412253380,-3.1115884781,-0.3443884254,0.3096562326,-0.7503329515,0.5116194487,0.3517194390,1.8578937054,-0.4900732338,1.2148280144,-2.8302421570,-0.7303586006,-0.3483260274,-0.4617391229,-1.6828435659,0.3209890127,-0.9353797436,0.8533712029,-1.6081547737,0.2491672486,-2.2213888168,0.1161740497,0.1710742861,0.2337432206,1.7039546967,0.5434781313,-2.2469701767,-0.7546813488,-3.5904786587,-1.2353565693,0.9034471512,1.7269754410,0.5402958989,-2.0669124126,-0.4103586078,1.7936633825,0.8316960931,0.9567979574,-2.3534517288,0.3775804341,0.4675580859,-0.4053444564,-1.6741982698,1.2492122650,0.1725875437,0.6873949170,0.2544995546,-0.3185262978,-1.1308248043,-0.8917306662,0.6850500107,1.2942113876,0.7875429988,-0.1137382984,0.2188451439,-1.9295142889,-0.2078804523,1.6756372452,2.2444853783,0.2375260144,-2.8851523399,-1.3288048506,-1.5250161886,-1.2221031189,-0.6902558804,2.1871747971,0.9791274667,4.4472570419,1.6628341675,-1.4788019657,-0.4435887337,0.7516108155,2.4780189991,-2.1763975620,0.2673564851,3.2766544819,-0.1256622225,2.6808161736,2.3077156544,3.2076902390,-2.0784285069,0.5964234471,0.5514649749,-2.0570728779,-0.0150892586,0.7209489346,-0.6129158139,2.2937817574,-0.1710048765,-0.6363190413,-0.0476043448,-0.5004982948,-0.8827680349,1.9018354416,-0.2892885208,0.5543064475,0.5230390429,0.5411435962,0.0429723933,1.4534968138,-0.7837245464,-0.7672010660,-1.9705625772,1.4523652792,0.5438029170,2.2634377480,0.2508990169,-0.3241636157,0.3704009354,1.1901543140,-0.9271088243,-1.3399021626,-2.5297765732,-0.9953861237,-1.5705813169,-0.2314017266,5.0510392189,0.4759680629,-2.2120940685,-0.8882172704,-2.4526157379,-1.9978251457,0.8506598473,-1.4894750118,0.8272218704,3.7586493492,-0.9060661197,-3.1492683887,0.2172901928,-1.4664574862,0.7510708570,-0.9758353233,0.8416068554,1.6672829390,2.6678776741,-1.8448888063,-0.7029816508,-0.5987998247,2.0909211636,2.2834177017,-0.0629064515,-2.0896627903,1.2090661526,-1.9744724035,0.0933657736,-1.4856054783,0.0042553339,0.5349203944,2.1613247395,2.0464124680,0.9253792167,1.8563822508,-0.3625754714,-0.0406571291,2.5749731064,0.7293216586,-0.0720331520,-0.6354860663,-1.1248258352,1.0137103796,0.8232519031,-1.1403880119,-0.4059679210,-2.6480982304,1.7342875004,1.4242390394,-1.3056476116,-1.3378903866,-0.5446025729,-0.5870226026,1.9761440754,-1.4987603426,1.6537662745,-0.3719629645,0.7481535673,-0.1598700732,-1.0104652643,2.0460791588,3.5058422089,-0.1197312176,0.1344828606,-2.1189887524,0.8152981997,-1.2120954990,-1.0123279095,3.5379869938,0.5677914619,-1.5960541964,-3.3111691475,-0.7914357185,1.0916006565,0.3263746798,-0.1850499362,-1.3918080330,-1.9247351885,2.9116153717,2.6254026890,0.7287975550,1.1673536301,0.1961277425,0.7727028131,-1.5401164293,-1.6711425781,-0.1767361313,-0.3315274715,-0.1187742129,-2.2147729397,-1.0316125154,-1.9374971390,-1.0795884132,0.3840846419,-0.6629553437,-0.4833711088,1.0776132345,-1.2839683294,0.0357750468,-2.2935748100,-0.1859718561,-1.1839298010,2.3993048668,-1.6238040924,-2.3807678223,-1.5054355860,0.6655825377,1.2045459747,0.7021323442,1.8603110313,-0.2342293113,-0.8236120343,1.3244650364,2.2202389240,2.3418276310,-0.0174130928,0.6500835419,3.3385305405,-0.6710051298,-0.3864471018,0.9295303226,2.1641211510,-1.4583144188,-1.2877144814,-0.3581043780,-1.4433548450,-0.2899573445,-0.9275664091,-2.0606951714,-0.4455570281,-0.1145540699,-3.0314838886,-0.4137282670,0.0241767373,0.5696943998,0.8318430185,0.0193563849,0.3605591655,-2.0042479038,0.7839292288,1.0068372488,-2.8821432590,0.1448653191,1.1069107056,0.0480773523]' WHERE rfid_tag = 'EMP002';
UPDATE employees SET face_embedding = '[-0.8659089208,-1.7803434134,-0.6850435734,-0.9131903648,-0.2969101369,-0.0505845398,-1.0016567707,-2.7289724350,-0.3224545717,0.0060320091,-0.8948268890,1.5507386923,1.4463088512,0.3236875832,1.1563816071,-1.7842856646,-0.7509932518,-1.2879761457,-2.9751167297,1.5780376196,-1.2178858519,1.2341494560,0.8578818440,0.5351260304,-1.4680236578,-1.0290536880,-1.0563627481,-1.1911672354,1.2478563786,-0.0477376133,2.7205057144,1.9462924004,3.0082685947,-0.9143254757,-3.9442312717,2.8677647114,-0.9880419970,0.4375114143,0.0568687283,-3.8153553009,1.6732276678,-1.8151500225,-2.2828433514,-1.2526621819,2.9977266788,-0.0666512549,1.0805159807,3.5063991547,0.0136395879,0.7176932693,2.6973249912,0.3670465052,-1.5873801708,1.1029422283,1.9612538815,0.6040697694,0.1637247354,0.7949056625,0.0207891837,-0.6523889899,1.5916794538,0.3103275299,0.1152900830,-0.0520485491,0.7855225801,-2.2787683010,-2.4918079376,0.6860573888,1.3749003410,2.7994906902,1.1288594007,1.1637475491,-1.2440283298,1.6870636940,0.7590145469,-2.8362622261,2.8315072060,-0.8420526385,0.5745216608,-2.6367542744,1.6216516495,-1.2159836292,-0.4957669675,-1.0436048508,-2.6076371670,3.0974349976,-1.2668721676,-3.3001346588,-1.9206821918,0.3683348894,-2.3012557030,0.6913619637,1.3292194605,-0.9407418370,0.9959240556,-1.8036582470,1.2350409031,-0.7975686789,-4.6375236511,0.8858818412,0.1431726068,1.0350358486,-0.5606635213,-1.7247045040,-0.7469090223,-0.7294504642,1.9637351036,1.5269769430,0.7357802987,0.6450476646,-0.2803421021,1.4487280846,-1.0969918966,-0.9864714742,1.1177444458,-1.0001821518,1.6827912331,-2.1840491295,-2.2354085445,-0.9282669425,1.8938835859,-0.7441962361,-0.9777522683,-0.0228224900,-2.6896643639,-0.0696791112,-0.1466046572,1.8274157047,-1.1680750847,-0.0230901428,1.2031092644,-2.5613577366,-1.9174315929,0.1288557053,-1.4381409883,1.9250086546,-4.7005877495,-0.9288407564,-0.5183485746,-1.2906664610,0.4010651112,-0.1623940170,2.6398978233,-0.5492674112,-0.2712828517,2.6862201691,-0.4705498219,3.1456575394,0.1528849751,0.7867639661,-1.4534834623,-3.4582309723,-2.5866820812,0.0825864077,-1.8941304684,0.1213327199,-0.6166633368,0.5106416941,1.7696307898,0.9667878747,-1.7744331360,0.4509080350,0.6398318410,0.6697179675,0.8013603687,0.1626439989,0.9098965526,-3.0267055035,3.8717577457,1.6797497272,1.4257862568,-1.5119203329,1.2615667582,-1.8831270933,1.9500567913,1.1903779507,-1.0056109428,-2.3160350323,-2.6038267612,-0.2641838789,0.4884898663,1.3006421328,0.1428042948,2.2265670300,-1.8102380037,-0.2330923080,-1.6867357492,-1.6931074858,1.3388969898,1.5269079208,-0.8438690305,-0.8825929761,-0.0119914208,1.5428884029,3.0021643639,2.4766008854,-0.6344156265,-0.5614811778,-0.6555860043,0.1463548392,-1.1256937981,0.7140589356,-0.5210984945,1.5275112391,-0.0750528574,-0.8543456197,0.4245999455,2.1713464260,-3.8183274269,-3.8254640102,1.6616045237,-0.8684769273,-1.7352992296,-1.9115182161,2.8229184151,0.0287278816,-2.1871719360,-0.8584773540,-0.2077985257,-1.2321307659,0.0756404549,0.8165038824,3.2699983120,0.9915449619,2.2110314369,3.2467813492,1.7074162960,3.1043081284,-0.3897807598,0.0642806664,-0.3756094277,1.9201834202,-2.8067731857,-2.0295693874,0.1522945315,3.2568209171,-1.8854508400,-1.1619973183,-1.4002826214,-0.5439826250,-0.7050312161,-0.4084998965,-2.4811432362,1.5601483583,0.4132072926,-0.9353739023,1.9506272078,1.1853724718,0.6294264197,-1.2080096006,0.0944915563,-0.8481222391,-2.7956357002,-1.4065678120,0.5956446528,0.4358018935,1.4817053080,-1.2168064117,-2.5901739597,3.8808596134,-2.6736605167,-2.5959610939,-0.9470707774,1.5211668015,0.7922231555,-0.7770141363,-2.9744431973,-2.3104352951,1.2489081621,-0.0579026788,0.7018558979,0.5634327531,2.9458751678,0.3315728903,-0.1631628275,-0.2711551189,1.9977426529,-0.0150903054,1.2475955486,-0.7916871309,0.3677752018,-0.4148394167,1.7093403339,-0.5106016994,-2.2246620655,1.7204784155,-0.3638681471,0.1103920788,-0.0761433616,0.9486331940,0.0324037150,-0.1315792501,-1.2667175531,0.6925236583,3.2449064255,-0.7698494196,0.9035654664,1.7650383711,-1.1344580650,4.0638198853,-1.4989297390,0.2248396724,1.6006962061,-1.2407535315,4.0977778435,-0.1292296946,-1.4117242098,3.1851360798,1.8743629456,3.3900108337,-1.2001190186,-0.8240509629,-0.1899090856,-1.8721896410,-1.1057893038,0.6291118264,-1.1764349937,2.0370836258,-0.6063932776,-0.1887168139,1.3783711195,1.0127609968,1.3597103357,1.3957391977,2.0961036682,0.3856474161,-0.6681843400,-0.5252582431,-0.1356674135,0.6800383925,-0.7316740155,-0.9391283989,-0.0354175158,-1.4672987461,-0.7941640615,2.2884767056,-3.6026265621,1.3057280779,-1.5966314077,2.6018109322,-1.5231175423,1.6407109499,1.0498224497,-0.1268435270,-0.8365262747,1.7802586555,-0.6087715030,3.4786722660,-2.9398522377,-0.7878325582,0.3091905415,-2.3884761333,-1.0049908161,1.9870798588,1.3409631252,-1.1366196871,0.9674583673,0.0861770138,-1.3770587444,0.9383494258,1.2844247818,-0.3654327095,0.9556175470,-1.3032038212,-1.7928165197,0.3969644010,4.0228075981,-1.6772768497,-1.7492307425,-0.1530931592,-0.9113928676,-2.4196491241,1.4124697447,2.0086293221,1.9379669428,-1.4739596844,-1.0774483681,0.3448950052,-0.0432894044,-0.0215401072,0.8841254115,-0.4180404246,-2.0299420357,-1.4162515402,0.6391632557,-0.9077820182,-2.7292976379,-2.2996442318,-1.5896605253,-0.1767815948,1.3952287436,-2.8349995613,2.2204270363,-0.0983528867,-0.2072279751,-0.7233810425,-0.1374206692,-1.7200983763,2.7138860226,-1.0365383625,-0.8084605336,-1.8969963789,4.3031449318,1.0355274677,2.4421632290,-1.2940518856,-0.8262395263,2.1225099564,-3.9904615879,2.1551430225,-1.4276767969,-1.3251672983,-1.8388235569,-0.6845684648,0.7987401485,-0.4706179798,0.1034558713,-0.0172936134,-1.0711275339,-2.3197307587,1.3070540428,-3.4665372372,-1.4533989429,0.0069630202,1.6806184053,0.6887545586,-0.6657536030,0.3484849930,-0.9821759462,-2.1529183388,0.0309841596,-2.4003503323,-1.2243611813,2.3164708614,-0.5226860046,0.5445464849,0.3330584168,0.2443861514,-1.7614102364,0.8064790368,-1.2363603115,-0.6867064834,0.7018279433,0.6987424493,-0.6053335667,4.0731663704,-2.7839822769,-2.7169182301,-0.5686472058,1.5703837872,0.1383979619,-0.3869650662,-0.3429078460,1.4185681343,-0.0760979429,1.4620445967,-3.3567903042,1.2307980061,-1.9709296227,4.3401408195,-1.2456370592,1.4980027676,-4.1616191864,0.1258885264,-2.6031243801,-1.2725983858,-0.0705047026,1.2313222885,-1.2933462858,1.3390108347,-2.4929344654,0.6933819652,-1.5245684385,0.2237540334,2.3150026798,-2.9112622738,1.6900019646,-0.5682129264,1.2643905878,0.6611564755,0.6322239637,-1.6805976629,-0.9711279869,-0.0470359735,2.2651803493,1.8424440622,0.3837559819,4.9798097610,1.0718166828,-4.2354907990,-0.0582644604,-0.9571088552,0.7842336297,3.3503022194,-1.2615134716,-1.6222932339,1.7972184420,-0.1132124886,0.1324475408,3.0710239410,0.2559918463,0.1383308023,-0.3877167702,-0.3534607291,-3.2835662365,-1.4059833288,0.8663227558,-1.5171269178,2.4025173187,0.6287812591,1.1344751120,-2.0635578632]' WHERE rfid_tag = 'EMP003';
UPDATE employees SET face_embedding = '[-1.2992703915,-1.0074476004,3.0385417938,2.5750663280,0.1301261038,0.4009898305,-0.5107269287,1.5504615307,3.4172945023,2.5950074196,1.2109384537,-0.4813843966,0.0124562997,0.2232775837,-0.1150022596,0.0538555942,-2.7261321545,0.3121859133,2.4415690899,0.1391084045,-1.7814775705,-2.4046893120,1.3933482170,0.0528811961,1.5725929737,0.4665494859,2.3990261555,0.0402266756,-0.5974974036,0.8740284443,-0.4647079408,-1.9688763618,0.7053484917,2.5156054497,-0.2437013686,-1.0331946611,1.4278143644,0.6617082357,1.9051141739,-2.3059887886,0.0132311173,0.9113023877,-3.3599395752,-1.4859704971,-0.4219136536,0.2235251665,1.3964543343,0.3921677470,-0.1827556640,2.3324673176,-2.1869776249,1.4290659428,1.1388958693,-2.4528250694,0.2644166052,1.2988029718,0.6271080375,-2.3498983383,-0.6221849322,-0.8276286721,-4.3726863861,-0.5185923576,-0.3643180132,0.4308928251,-0.5483046174,2.7575101852,1.1237738132,2.6275789738,-1.5787341595,1.4207706451,0.7633891106,-1.9342544079,2.0773704052,3.8042521477,-0.1502644569,-0.8410253525,2.3308703899,-1.1750788689,-2.1737391949,-0.0427640788,-1.0471389294,0.1835127175,0.5324593186,1.6463936567,-1.7982434034,1.6754218340,0.4819050431,-1.0782543421,0.8964917660,1.6181768179,0.2884190679,1.5594253540,-0.0824592486,-0.7354561090,0.3899782598,0.2885448337,0.5729660392,-1.4323590994,-1.8212851286,-1.2909725904,0.1663003266,1.2432030439,-1.2586041689,-0.4799275696,-0.1472595483,-0.8517478108,-0.4267974794,0.9230224490,-1.6493592262,-3.4157533646,0.4109682739,1.8829374313,-1.3579674959,3.7235281467,-2.0946447849,-0.5485758185,0.9721403718,2.2408292294,-2.6950612068,2.4781250954,1.8204145432,1.0126062632,-1.1375664473,-2.6458680630,-1.5772433281,1.0429111719,-1.8044639826,-1.1262903214,-0.1320571899,-1.5423221588,2.0012745857,0.7812536359,0.5553072095,1.0221841335,-1.5650049448,-0.2604531348,-0.1092728600,-1.8928353786,3.4830162525,0.0811980814,-0.2414755970,-1.2056710720,1.9809556007,0.3579822183,-1.4282947779,-2.3160836697,-0.2673628926,2.2933328152,-0.5078358650,0.4742844403,-1.6838359833,-0.5170124769,2.0857000351,0.4869780242,0.3368341327,2.2900941372,-0.2089484185,-1.9605221748,-0.4491809607,-0.7924182415,-1.5779191256,-1.6242630482,-0.8183370829,0.2945732772,2.1343555450,-0.3262777030,-0.1688898653,0.3117203116,-0.1899576187,-0.1654175818,-0.7534101009,1.0460803509,-1.2711391449,0.6093369722,-2.7541708946,1.6913871765,0.4167291224,-1.9020539522,2.6820187569,-0.1151201874,-1.1015889645,-0.3125015497,2.0685191154,-1.9002170563,0.4897383749,-1.1773114204,-0.0539638847,1.1510564089,-0.0852913111,-1.2056655884,-0.3742612600,2.1178681850,-0.6157572269,0.0260115974,0.6286994815,-0.3626830578,-0.9157252312,3.9886548519,-0.8298797011,0.3167016208,0.7834725976,2.0955758095,0.5623945594,-0.8226579428,-2.0935053825,-0.4358761907,0.4408222437,-0.1078395173,-2.7311878204,1.1343406439,-0.3362030685,-1.2899565697,-0.3152854145,-0.5334960818,-0.3578539491,-2.1187098026,-1.5100331306,-3.9524893761,1.7723938227,-0.4571403265,-1.0385246277,1.0322557688,2.0000636578,2.0230078697,-3.3822727203,2.7283883095,-0.4600871801,-0.4540851712,1.0378779173,-1.3228425980,-2.5269114971,-2.7205727100,-1.3976707458,0.2510563433,-0.9055081606,-0.0001270622,1.9537816048,0.0043635294,1.6123846769,0.0360904001,0.7962459326,-1.5423082113,1.7370420694,-0.5532481074,2.8385250568,0.4180191159,-1.8846148252,-1.8983683586,-2.7211122513,-1.2430987358,0.3761410415,1.3870179653,-0.5697246194,0.5592012405,-1.0518426895,0.5290219784,-2.3070049286,-1.0280283689,-0.5698329210,-2.3614156246,-0.3878051937,-0.2611951530,1.4592381716,0.7440683246,-1.9069342613,-0.0596926734,0.7693324685,2.1775088310,2.4362287521,-0.1905465424,-0.7737402320,0.4825943112,-0.1279498339,0.4986222088,-3.1229765415,0.3642392755,1.9708144665,0.2901082933,-2.0345535278,1.1355375051,0.5949423909,1.5973935127,-2.0038464069,0.3936871886,0.5766603947,1.8811686039,1.0743054152,0.9025028348,1.7116346359,-3.0042824745,-0.0354176834,-1.9196656942,-0.5290785432,-2.3634340763,-1.1376889944,-0.3154679835,0.0211581718,-0.8786802888,-0.2654748559,-0.0883803368,0.6567419171,2.0539841652,1.9099642038,-0.4952405095,1.6269651651,1.5222872496,2.0320105553,0.2073874921,-0.7573090196,1.0121004581,0.9931674004,-1.0269914865,-2.2701544762,-1.3838871717,-0.8597714305,2.2763495445,0.1483866274,0.2410781384,0.2875279784,1.0417952538,-4.1633219719,-1.5283603668,-0.5556771755,-0.6238442063,-0.8251564503,0.7158949375,-0.0472907722,-2.8634791374,0.7418762445,-2.0242428780,0.0645772368,0.1872748286,2.3498435020,1.2294329405,1.3062875271,-2.8487424850,0.0862507597,-0.6024585962,-1.9175660610,0.2067244649,1.9920827150,-0.3147518337,-0.4880580604,-0.7931053042,-0.0661251545,-0.9112012386,-0.4570025504,-1.4656959772,-1.8518518209,2.6785190105,2.2107431889,0.1952400506,-1.0677874088,3.0236861706,-3.3823912144,2.2382464409,1.0888637304,-0.1764817983,-0.7136198282,2.3546619415,-0.1047344133,0.7570523620,0.6248601675,-2.4858837128,0.5201900005,-0.1694122553,3.4426245689,-0.8995123506,-0.4209667146,1.1710848808,-2.9495348930,0.7368119359,-0.5666975379,0.2659306526,-1.8828758001,1.0711309910,2.1182947159,-0.8753390908,0.7324800491,-0.0762944892,3.6997344494,-0.9616294503,0.0023164344,2.1356055737,-1.3203512430,1.2602573633,0.6756757498,0.5054432750,-1.8856579065,1.7121567726,-2.0142002106,2.3935081959,2.4064271450,3.6888527870,-0.7544077635,1.8018218279,0.8930532336,-1.7761241198,1.0666168928,-0.0092568099,-1.0123147964,1.1465919018,0.4373303652,-0.0641878024,-0.7866724730,-2.8795855045,1.5596095324,-2.0550324917,-1.5317761898,-1.6034034491,2.9051592350,0.1541304588,1.9381295443,0.4806248248,0.3928308189,-1.3019447327,1.1538826227,-3.7494246960,2.7209479809,1.0396704674,1.0308718681,-0.7328462005,-0.5415762663,0.5504664183,-0.9754579067,-0.4754568338,2.2798848152,-1.8868696690,-3.5843744278,-0.2774832845,0.8758292794,1.5943431854,0.4764988124,0.6350336671,0.1036924496,0.6438949108,-0.4400705695,-1.6694005728,-0.8277111053,0.4971530139,3.5356354713,1.2308905125,2.2504825592,0.7988403440,0.3688838184,-3.7232158184,1.6177829504,-0.2409506142,-1.3132023811,2.4087131023,1.4868141413,-1.9162520170,-0.7468695045,0.3104090393,-0.6811977625,-1.3396908045,2.0158581734,1.1257669926,-0.6801964045,0.4846673608,1.0134524107,1.4396461248,0.1037380919,0.5461000800,-0.1436382830,-1.2351040840,-1.9926322699,-0.1126401871,-2.5448126793,-0.3862950206,-0.0121342391,0.5513647199,1.6015919447,0.6683778763,-1.6356821060,4.6861186028,1.6612029076,-0.6994975805,1.2079994678,1.4168939590,-0.5645597577,0.9524801970,1.1248354912,0.6563896537,0.8246341348,-0.5267252326,-2.0854253769,-1.1454366446,0.7776842713,1.6303815842,0.0082109338,1.3406633139,-0.1738356799,-1.4956251383,0.2600945234,1.3209251165,0.3092124760,-0.4566549957,-0.9522998929,1.9096249342,-0.7854970694,0.4518203735,0.9259037971,0.6697373390,-1.5925139189,-2.8703539371,2.0679833889,-0.2823917866,-1.2334282398,1.6853352785,-0.6746486425,0.5853500962]' WHERE rfid_tag = 'EMP004';
UPDATE employees SET face_embedding = '[-0.3954858780,-0.1657275856,3.6229107380,-0.0458249152,4.3068356514,0.6996183991,-0.2659308314,-2.0757141113,0.5455877781,-1.3838371038,-3.2382996082,-2.3800907135,0.3385967910,0.2871544957,1.1886066198,0.8676720262,-2.4793357849,-0.2938099802,-0.0022817007,-0.9824653864,-0.2314311862,-0.6452887058,-1.2134925127,-0.5511190891,0.0419647731,-0.7459157705,1.1205977201,0.3599510193,-2.9006247520,0.4691689909,1.6028869152,-1.8369982243,-0.1586830467,-2.2546966076,-2.1374859810,-0.0833939090,1.5895547867,2.0040388107,-1.2398679256,-0.1489005685,0.1937876791,1.2340310812,-2.6907114983,-0.2778070569,0.8354710340,0.1886620522,-1.5541301966,-0.0027483623,-1.9368195534,-0.1701071262,2.8387227058,-1.1303566694,-0.8195182085,0.5367729068,0.6659489274,-0.1118133664,2.0788335800,1.0577679873,-0.1730602384,-1.0617053509,-2.0321485996,-0.6338628531,-0.4187685847,1.8427852392,-1.1813950539,-0.7455379367,-3.0531885624,0.2537432611,1.1500457525,0.6587910056,3.1865172386,3.5834307671,0.8570281863,-0.2373151779,-1.1549701691,-0.2285690606,-1.5901261568,0.4691295624,-1.3591367006,0.2096454352,0.1567708254,-1.0474518538,-0.8602398634,0.9927092791,-0.7593280077,-1.0489426851,-1.7752709389,-0.7411718965,1.3898278475,1.9659693241,1.4642230272,-1.5664359331,3.6382117271,1.7771960497,-0.7315358520,-0.4630778432,1.1795768738,-2.6235597134,-0.4775511920,3.3738510609,-2.7148036957,-0.3551842868,-0.8124884963,-1.7826397419,-0.1428322941,3.3014576435,0.6710072756,0.5566638112,-0.5310499072,2.3497011662,-0.6313304305,2.0960118771,-1.8695797920,3.2403454781,-0.7902243733,-0.5489647388,-1.1655316353,-1.0006384850,0.8435590863,1.9043877125,3.3185682297,-0.9644587040,2.0181691647,-1.5705989599,0.0161021613,-0.0085828267,1.9517725706,-0.8694541454,1.1940146685,0.5960840583,-2.2401523590,0.8452730775,-1.9496390820,0.4373855889,-0.0973404646,1.5604728460,-1.7313795090,1.4571903944,-0.9219928980,2.0269131660,-1.5765973330,-1.0108451843,0.7983263731,0.5064852834,-0.1476189345,-1.6930996180,-0.5315162539,1.0260939598,-1.0233063698,1.3401463032,-3.5294575691,-1.3571320772,2.5109579563,2.7170834541,0.6328946948,-0.4963816702,0.7122123837,-0.4581993520,0.8555144668,1.7692731619,-1.3731696606,-2.5685324669,-1.9979219437,0.9451698661,0.5353857875,-0.9223864675,0.4003309906,0.9050131440,1.4529995918,0.6216156483,1.6147012711,0.2038446963,-0.5726963878,0.6614883542,2.5421786308,0.9408196211,0.7759667635,0.3728897870,2.7139313221,-1.5771253109,0.1143888980,0.9790196419,0.1352309287,-1.8836712837,-0.5648459792,-1.0587269068,1.1127055883,-0.9252715111,1.1389470100,-0.8417519331,-1.7583065033,0.9334081411,1.0552340746,-1.4223541021,-0.2699615955,-1.6263506413,0.5550453067,-0.0193724222,0.3061981201,-1.6969518661,0.3666615486,-2.6532618999,-1.1069395542,0.2390806973,1.5410933495,0.5946623087,0.7297042608,0.0196381658,-0.9257234335,-2.2543156147,-0.6764462590,-1.3403924704,-1.2128385305,-2.5914220810,0.4595479071,0.8691303730,-1.9347552061,-0.5136243701,1.2296504974,-0.6707569361,-0.6697737575,0.6076973677,0.0035026651,-0.8469540477,0.3587997258,0.4784088731,1.6603134871,-0.0498406440,-1.3557655811,-1.7160080671,-2.0265643597,0.2845619321,-1.4158431292,-1.6653361320,-3.9055366516,1.2801622152,-0.8781801462,2.1266450882,-3.4865620136,0.0948673561,1.5001626015,-1.2022973299,-0.7486240268,-1.2005327940,0.0179133713,-3.0113079548,-2.2390666008,-0.7996447682,0.1651848108,-1.1728266478,1.8865081072,-1.1544159651,-2.3008766174,2.5051686764,1.2680289745,-1.0820527077,1.5877742767,-2.7038640976,-3.2905316353,0.4635680318,-0.5474730730,1.0663608313,-0.4312935174,1.5817843676,-1.9543715715,-2.9990477562,1.7486289740,-2.9272131920,1.4060866833,-0.8211732507,-0.4737793803,1.3730664253,0.0052207038,1.3316142559,1.7335953712,-1.3778083324,-1.8703351021,-0.0210332237,0.7913693786,-0.7654148340,-2.0062766075,-0.3007934093,0.5172243714,-3.2604434490,0.8414482474,0.8185298443,0.2759515941,1.5170185566,-0.4689697027,0.0929022878,-3.6772756577,-1.0003837347,0.0372123942,-0.1245762706,0.8975817561,-0.5296579599,-1.7895325422,-0.0556806400,-1.1223827600,1.9187958241,-4.1258649826,-1.1082818508,1.7839138508,-1.7333234549,-1.5622406006,-1.0069564581,0.1288018227,0.2787241340,3.8753206730,-0.2066576481,3.2085886002,-2.6267621517,-2.6537721157,0.2748008370,1.0574709177,-0.2509921193,-0.3000263572,-0.2887209952,0.2583048046,-0.1599229276,2.4537200928,2.1256287098,-0.4548034668,1.1794532537,0.5734350681,1.7350552082,0.4482002556,-0.0103465654,-1.5678461790,2.8607096672,-3.0743308067,-1.1765005589,0.8227819204,-1.1814056635,-1.3112909794,0.2030311227,1.3257029057,0.5176946521,-1.3598659039,2.2975125313,-0.5038265586,2.6631512642,1.8077759743,-0.3271030486,-1.7666623592,0.5489887595,0.5086053610,-0.3623947203,-1.5070825815,-0.3054170907,0.3260775805,-2.3485975266,0.2248128057,0.1745633483,-0.5525155663,1.2937320471,0.0076200338,-2.4468398094,-0.6985727549,-0.4025718272,0.2383152992,1.0252542496,-2.7993452549,1.6343935728,-1.3065056801,1.4392446280,-1.2978233099,-1.4338423014,-0.5305857062,1.7399090528,0.8862489462,1.0370994806,-1.7149714231,-0.3830274940,2.5361990929,1.1350115538,-0.2342903614,-0.3348895609,-0.3287627101,1.0559868813,2.4167227745,-2.1603379250,1.4211374521,-0.0632631108,0.7024722695,-0.3604107499,-0.1528843492,1.7869392633,-1.2644138336,2.0552480221,1.4732650518,-0.6851589084,3.3269860744,0.7832410932,-0.4667426944,-0.7888833284,0.1701256484,-3.0478892326,-1.2740551233,2.9451272488,-0.7929241061,0.3000955284,-1.7214766741,0.4023227096,0.0592864640,-3.1320598125,-0.9225735068,-0.4463325143,1.6619619131,-0.7994446158,-2.1850144863,-0.8544057012,4.5463519096,-1.8239729404,4.0297732353,-0.3916073143,-4.1789388657,2.2296724319,1.4458491802,0.5553355813,0.5960236192,-3.3944442272,0.6784037352,-0.2217859626,-1.4513527155,2.9900391102,-2.4982328415,0.3756040335,2.4664969444,-2.6395132542,0.4412126839,-0.2951118946,-2.5354843140,1.6429179907,-0.5585118532,2.9162654877,1.3648886681,2.0510456562,2.6958417892,-1.9630755186,-0.9730013609,-0.1516945511,-1.0896642208,-0.5393187404,-0.1985159963,-0.1582825780,-0.7932898998,-1.8641990423,1.1636343002,3.3136410713,1.1042814255,-3.9898765087,0.8707104325,-3.1389946938,0.8299636841,1.1905875206,-0.7472527623,1.2573927641,-1.5043653250,-0.8994592428,-0.2463415712,2.0716969967,-0.3440878093,1.7365758419,-0.1848431230,-1.7037979364,-1.3232566118,1.1935137510,-1.5869889259,2.1684670448,-1.8917422295,-0.5831540227,-0.3683420420,-0.5128573775,-0.1130504459,1.1999257803,0.4877150655,0.0297326576,-1.8086596727,-0.4658311307,0.2710002661,1.6505455971,-1.1692072153,-0.9109039307,-0.4595787227,0.9197449088,-0.0868964195,0.8663464189,1.6792223454,-1.3162198067,-2.7334618568,-1.8276367188,-0.1165468767,-0.7836495638,-2.5175409317,2.9898738861,-3.0051620007,0.6272813678,-2.1244757175,-1.4095201492,1.3404841423,0.0014460962,-4.4867863655,0.4261275530,-0.2453674674,1.1115611792,-0.1741027832,0.0004642364,1.3020985126,-1.6114209890,0.7710763216,-0.3572849631]' WHERE rfid_tag = 'EMP005';
UPDATE employees SET face_embedding = '[0.6277264953,1.0315697193,1.1126377583,-1.0816148520,1.3813866377,1.1495498419,0.2852202356,-0.9131003618,-1.8832545280,0.0366060808,-1.5071369410,-1.9942201376,-0.4824161530,2.5653140545,1.2228770256,-0.8820942640,-1.8626203537,1.4683669806,-1.6955366135,0.6739603281,-0.4495964050,0.8063390851,-0.3221659958,0.5690903068,-1.5203460455,1.2376606464,1.0563684702,2.9889540672,-0.5968577862,1.7739923000,1.9204244614,-1.4717040062,0.0868501216,-1.0630939007,-0.1209283695,1.3805450201,1.2042268515,2.4713664055,1.3508546352,-0.2858724296,-0.6576316357,-1.6996920109,-0.5247272253,2.3528804779,0.0692694262,0.0549689457,-0.0376920141,0.7798937559,-1.2592352629,-0.0961382985,-1.0315843821,-1.8919324875,0.8330260515,-0.2820614576,-1.3395551443,0.4720752537,0.6132001281,-0.2050503194,1.3855009079,-3.1445963383,0.8243957758,-0.3588576317,1.0288196802,1.8863404989,0.8460877538,-0.6372222900,-0.5073702335,0.7642171383,-0.0393978059,0.8685749769,0.6553195715,0.2547535598,1.2844952345,1.4133079052,-1.2884472609,-0.5032132268,1.0224825144,1.4028024673,-1.4743417501,0.1640662253,-1.7042337656,0.5372847915,0.1717857867,0.4669928253,-1.2304664850,0.8893740177,1.9090871811,-0.5438201427,0.2336776853,3.4378452301,-1.6249617338,-1.6078923941,-0.8533731699,-0.1455438137,-0.2101706713,-0.4797980785,1.1437377930,1.3335809708,0.0830784142,-0.6736515164,-2.6231670380,2.6352899075,-1.1032532454,-3.2645576000,0.9808709621,-2.8993299007,2.7157638073,0.5419635177,-0.6330921054,0.0904957131,-0.4735020101,0.7703276873,-0.6348525286,0.7043146491,0.3393207788,0.9825223684,1.9026505947,-1.3329656124,2.8206503391,1.1579483747,-0.0608893298,2.6944737434,0.7406544685,0.2421518862,0.4529086947,0.9087193608,0.1157798395,-0.1688201725,0.5441566706,2.2534053326,-0.3741738498,-0.6159737110,-1.1479549408,-0.4106371105,1.5152792931,-1.6524552107,-0.0594653338,1.6045348644,1.6619062424,-0.9984527826,0.4269572496,-1.0399442911,1.5726071596,0.8996295929,-1.3998924494,1.7973673344,-0.1822426319,-0.8736963272,-0.0123379286,-0.3078075647,-2.5092318058,0.3089189529,0.5732764602,0.8195663095,0.0620525219,-0.5029664040,-1.3073033094,0.4891850054,-2.3304839134,-1.1245920658,-0.6100856066,-0.5015544891,0.6497181058,1.1365017891,0.6711020470,-0.2401793450,1.0628437996,-0.3401067853,0.3189766407,-0.1957277209,-0.0373923779,1.6463274956,0.4922606051,-0.8594200611,0.9249032140,-2.0024294853,-0.8597465754,2.1654102802,0.1241623089,-1.1502758265,-1.3697831631,1.3142561913,-0.5464086533,-0.2707017660,-0.6970978379,0.7349858880,-0.3536268473,0.3232948780,-0.6354503632,-0.7652025819,-1.3236140013,-1.7585061789,-0.4663165212,-0.8982813954,-0.0146415280,-1.3851242065,0.1384279579,-0.0146888578,-0.2198000699,-3.9555878639,-1.2100596428,-0.4927867651,-0.8292371035,-0.5274388194,0.6664442420,3.1469101906,0.8437399864,-0.7751656771,1.1524548531,-1.7911982536,-0.0849213302,0.0839610994,0.5864933133,1.2337193489,-1.1728585958,-0.0021142156,0.5372778773,-1.6130820513,0.5665037632,-0.0213322360,-1.8941847086,-2.3051438332,0.3400992453,0.8307649493,-0.5556487441,1.6144672632,-0.3368383944,0.6055502295,-0.8341658711,-1.1889059544,0.3111247122,-1.2211993933,-2.4143171310,-1.7483232021,-0.5270383954,-0.0703065544,0.5385398865,0.6145116687,-2.6147782803,2.6486983299,-1.7895216942,0.3657677174,-1.0705120564,-0.9921486974,2.7033450603,0.7645602226,2.9041481018,-0.2316783220,-2.6105167866,-0.1014868841,-0.2207746059,-0.4969730675,0.3497707844,-0.9754805565,1.9367260933,0.6397987604,3.4234356880,0.8944352269,-2.4496474266,1.8245666027,0.1176958755,0.8815606236,0.0805544332,-0.1499623656,0.0629190505,-1.8912116289,1.4089438915,-0.6251558065,-1.4970828295,0.4817885756,-0.9530950189,1.2983468771,1.1575809717,-1.8061172962,-0.9723886251,0.0835897103,-0.3399477899,-1.9271596670,-1.0271488428,-0.3001556098,1.7008707523,-0.8853251934,0.7322423458,0.1726797074,2.3356416225,-0.8729567528,-2.8965141773,0.9230979681,-2.0312304497,1.7529929876,0.6133231521,-1.1950532198,1.7377974987,2.5738995075,1.9023808241,1.0846184492,0.7700242996,0.3785742521,-1.9373856783,0.8472117782,-1.9450842142,-0.0062547275,-2.3317105770,0.0767695308,-0.6772876978,-0.8567394018,-0.8019559383,0.5831038356,1.8062196970,-1.0726522207,3.5109803677,-0.2418220639,-0.3922394216,-1.8131844997,0.4825863540,0.3356800973,-2.2028279305,1.7673751116,0.6756390929,0.1655361205,-0.8798233271,-0.3026264310,2.2192497253,1.7432749271,0.4468469024,0.1607778221,0.5254158378,0.3198668361,1.6212655306,1.1894938946,-0.6420405507,-0.1027594507,-0.3090580106,-2.5683944225,2.6153664589,-0.7351186275,0.3027287424,1.0992112160,-0.6990578771,0.7544088960,0.2413122803,-0.1546278000,0.4012919664,1.6973863840,1.7539387941,-0.2979426384,2.0457506180,2.1103823185,1.8026190996,-0.2151663303,-1.2261368036,0.3251371980,-0.7128965259,0.1215575337,-1.8043924570,0.1263277680,-0.3414351940,0.9478882551,0.5260807276,-3.4387669563,-0.4668082297,2.2042129040,-0.7764260769,-0.6075049043,-1.5103671551,0.6518880129,1.1488827467,0.3314542174,-0.1775159389,-0.3446886837,1.3756922483,-0.2594101727,0.5150921941,-0.3537871242,0.9320509434,1.1879137754,-0.7073070407,1.8306039572,-1.6010677814,3.5030508041,-0.8233610988,-0.9959158301,1.1788855791,1.5444163084,-0.9544866681,1.6191227436,-2.3645970821,0.8853542805,-1.1875151396,0.8280956745,-0.6459316015,-0.7300960422,4.0253424644,-0.1331409067,-0.3670143783,1.2525740862,-0.2577087581,0.0507337861,-0.6210664511,1.3665741682,-1.3813800812,0.3601405621,1.7698934078,-2.8271963596,-0.2323552668,1.6383988857,-1.1179661751,1.9436089993,0.6623184085,0.1952492595,-1.8444745541,-0.4361554384,2.8827741146,1.2445579767,2.0914254189,0.1728432477,-0.1875041425,-0.3268533945,-2.4545819759,1.0916866064,-2.2725570202,-2.8150348663,1.3786268234,-0.9179762602,1.5303815603,3.2693867683,-0.2690905929,-0.8727809191,0.6101685166,-1.0295431614,-2.3729283810,1.1039766073,-0.8259057403,1.2046208382,-0.0207785722,-0.4334174097,2.1686787605,0.1422255933,1.9803676605,-0.0573624112,-1.2917925119,2.3132946491,0.2677798867,-2.4639430046,1.8357167244,-1.7798562050,-0.5094668865,-0.2723234594,-0.2650084496,-1.5214945078,0.6113455296,-0.7089062333,-0.5996419787,-1.2814989090,1.8440592289,-2.5064630508,0.2834095955,0.1724042743,2.0909965038,-0.9213150144,-0.5799216628,-0.7885909081,-1.4162302017,1.2670117617,-0.2481190711,-2.0026049614,2.5500607491,1.6898550987,-2.3028378487,1.1232268810,-0.6398276091,-1.4523993731,-1.1374638081,-1.2666563988,-0.1052290723,-1.9072197676,0.3506410122,-0.2035080194,-0.9691172242,0.0714983046,0.3196245432,2.6422028542,-0.2163632661,1.5729851723,0.0196543448,1.6378480196,0.0979952291,-0.8053908944,-0.2536921501,-0.7408803105,-2.5496876240,-0.0833556727,0.3631035686,-2.6019148827,-2.7332532406,1.5610225201,0.9137942791,2.1562983990,0.5651566386,3.1478788853,-1.6272678375,-0.4243086874,-0.1561658829,-2.2926888466,-2.4877712727,-1.2694512606,-1.1031401157,-0.2300768048,3.1626875401,1.1260722876,0.5068698525,0.8395708799]' WHERE rfid_tag = 'EMP006';
UPDATE employees SET face_embedding = '[-1.5533707142,-0.4915429056,0.2134135962,-1.5443234444,1.6297810078,0.9926395416,1.9713774920,-1.1617465019,-4.4149169922,-0.4104370773,0.0206691790,-3.0823071003,0.0565597862,0.0697312132,-0.5117849708,-3.4873075485,0.3999320567,-0.9053896666,-1.5643039942,0.7731209993,-2.5598278046,2.4909527302,-1.3109828234,-1.9528036118,-0.1703374684,0.6690410972,-0.4534846246,-0.4420813620,-2.9013848305,3.5172779560,-1.3517787457,0.8325629234,-0.0093010515,0.6593336463,-0.4050728679,1.2568786144,0.3210402727,0.5789441466,-1.7879047394,-1.2343735695,0.8451966643,-1.3906718493,-0.2349364311,0.8664636016,2.1521046162,0.5146309137,0.3132576048,0.8368389010,-1.9173896313,0.3110556304,2.6827621460,0.4265817106,-0.9994738698,-0.2412492931,-0.8930067420,1.1263178587,0.2544269860,1.3807600737,0.2645080984,-0.6916599274,1.4656733274,-0.2073017955,-0.7526369691,0.1062697917,-0.5716219544,-0.5082632899,-0.9253669381,0.1311785579,-0.8368210793,1.6811056137,2.3325033188,1.3574031591,-0.2738973796,0.5033242106,0.1343136728,-1.5386801958,-0.2181548774,0.1607492268,-0.1735272408,0.7204735875,-0.8616061211,-0.7692685723,-2.2745809555,-0.9420278072,-1.8933117390,-0.3304602206,2.6999893188,1.3680754900,0.3804991543,1.8400136232,0.1659432501,0.3682261109,0.1713619977,2.2792520523,-0.7529475689,-1.0152342319,0.1308603287,1.4415863752,1.3044594526,1.3810049295,-0.0805160627,2.5594635010,-0.6517095566,0.0011781591,1.0236624479,1.8888154030,-2.8710017204,3.4667530060,-0.5121176243,1.7123928070,-0.8729356527,1.5052887201,-0.1117481217,0.1232690588,0.1596636772,-1.7681344748,-0.5107781887,-0.5464852452,0.7579469681,-2.4089009762,1.3032877445,-1.5127418041,0.0563929901,-0.2516480684,-0.4933427274,0.0709868819,0.3477438092,-0.9858740568,0.3384538889,-0.6496161222,1.0255876780,2.1926333904,0.2928587794,1.5333076715,0.2737057507,0.2542155683,0.2446655929,1.1921241283,1.9307699203,0.5497342944,0.7840996981,1.2537053823,-0.9725006819,0.5283237100,1.4433691502,1.6750377417,0.8943806291,-1.8927662373,0.2389032096,-2.5598697662,-0.8469145894,-1.1485654116,-2.3820042610,2.1246194839,-1.1388967037,-0.8833414316,1.1843671799,0.6997694969,-0.5458050966,-1.8100576401,-2.8506808281,-1.3517081738,0.4141085446,-0.6137372255,0.3317817748,0.1255118251,0.6539311409,-1.5040596724,-0.0789159909,0.0590429008,-2.4253621101,-1.1679871082,1.1403462887,0.9941725135,1.5616000891,-0.6098842621,-0.8457359672,0.9727764726,-0.4375036359,1.5408972502,-2.1598312855,-1.3782228231,1.0651531219,0.3808446825,2.0288369656,-0.3172657192,-1.1567957401,-1.0062178373,0.7862316966,-0.2321740091,-2.3568689823,0.2029643357,-3.3082404137,0.7031852603,-0.5535542965,-0.1573776752,0.6579040289,-1.8577287197,0.1117663458,-0.8322070241,-0.1780453324,-0.8374382854,-1.3870124817,-2.4172585011,0.6339191794,0.7756173611,2.0540180206,1.4986441135,1.3964966536,-1.4977444410,1.1662070751,-1.7534453869,-0.3204374015,-0.1361488849,-0.4669970274,-0.5882683396,-0.3858163655,-2.9915471077,-2.2264542580,-1.0694706440,-2.8304686546,0.2955932915,-0.4327087402,-2.3486654758,-0.1265031397,0.8288756609,-0.0375618264,0.1717806458,-1.8545306921,1.1140774488,-0.3054009974,0.5076264143,-2.7584078312,0.3440732360,-1.6755818129,-0.8061556816,1.4546625614,0.4061555862,-2.3041734695,1.8687732220,-1.4988882542,0.2938792408,-1.3162188530,0.3678700030,0.7951228023,-0.2930541039,-1.1372188330,1.6082022190,0.3386457264,-0.7613590956,-0.3218618333,0.6760644317,-0.6775220037,-0.6400669217,1.7185932398,0.5033195019,0.1355050504,-0.9081345201,-1.2390291691,0.7507789731,0.8286478519,-1.6757711172,-1.3279829025,0.1240811273,0.3480642140,-1.1758095026,-0.9149801135,-2.2313868999,0.0915740579,0.3140882850,0.0045626448,-0.4288179278,2.0144526958,1.0359495878,-0.2008817643,-3.1925137043,-1.1575609446,-3.1824657917,0.6990078092,0.0263995975,-0.7940986753,1.0709396601,1.6068713665,-0.1316969544,-0.5284373164,-1.7304652929,-1.5600918531,1.6312704086,-0.0059408555,1.0007897615,-0.4717655182,-3.6774861813,-2.1021957397,-1.3822703362,0.4769176841,2.0455384254,0.8556475639,-1.6481927633,1.1893613338,0.0402923748,-1.2934842110,3.4570560455,-0.0594992526,1.4039844275,-0.2523781359,1.1768598557,0.2585709989,2.7983415127,1.7371668816,0.9570845366,-1.6008497477,0.4169119000,2.0584285259,0.0788049176,1.1490337849,-0.7905485034,0.1819554120,0.7548413873,1.0783209801,-2.0857570171,-0.2392157912,0.6193606853,-1.4291152954,0.7250788212,-0.9541037679,-1.2118049860,0.2195487916,-1.1746207476,-0.1876470447,1.5139245987,-1.9394730330,-1.0539683104,-1.2658945322,-1.0752227306,-1.3496381044,-0.2289538831,1.2335733175,-1.6597735882,-0.8072021008,0.2944551706,1.1933389902,-0.3305974007,2.3592185974,0.5677649975,0.5870922804,0.4888547659,1.2476340532,-1.1281177998,0.7056116462,2.1525535583,-0.6631957293,-3.1435902119,-1.0392169952,-1.0537376404,-1.7007957697,1.9934254885,-1.4779928923,0.0690504238,-0.2658455670,0.0270808451,-0.8272033334,0.5834524632,0.2305346429,1.4548676014,-0.2423323840,-1.9569491148,1.3093119860,-0.8805977702,-0.2437487394,-0.0054279906,0.3291042447,-0.3823426366,-0.2150565088,1.6874767542,-0.2084710449,1.0076404810,0.3908742368,0.8518832922,-0.5609396100,3.4785511494,1.7917327881,-2.3703043461,-1.3455048800,0.1395477355,-1.0198460817,0.2898454964,-0.2892471552,-0.6551839113,-0.4592731297,1.0753909349,-1.2049905062,-0.8422891498,2.8155686855,2.9732859135,-0.1614928693,-2.9772865772,-0.7101473808,0.2534490526,-2.3655655384,-0.6650676727,-1.9071686268,0.5018218160,1.2794071436,-0.0942779407,2.3974795341,-0.7064835429,0.4174568951,0.7955968976,-1.1292747259,-2.8052666187,-0.1929097623,-0.2677818835,0.5409180522,-1.7978405952,0.1517952532,-2.4499421120,0.4457383752,-0.2772698402,-1.0522514582,-1.4667060375,-0.5750716329,-0.5778875947,1.7640278339,-1.0617746115,0.5396925807,2.8494815826,-0.8446041346,-1.5863910913,2.1392803192,-0.3942982554,-1.4721977711,-2.0737490654,-1.4132155180,0.0473485440,-1.7495076656,1.3600800037,1.1618125439,0.3620263934,-0.3612545133,0.7737150192,-0.5213273168,-0.7884231210,-1.8255187273,-0.4598050117,0.2156940550,0.5827798247,-0.7425194979,0.0299609974,1.2401484251,1.2970938683,-0.7193396091,-2.6047115326,2.5249249935,1.0679129362,1.3117671013,1.0562962294,-1.4333692789,1.8028866053,0.0275811646,-0.8006464243,-1.3415259123,0.6395657659,-0.8741620779,0.3391829729,-4.2300510406,-0.7657577991,1.2180728912,-2.9267475605,0.2265055180,1.3536756039,-3.1702160835,0.5777530074,-2.3012545109,-1.3412503004,-1.3424828053,0.5847058296,2.7345604897,0.2231105119,0.5023778677,1.7626378536,-0.9903063774,1.2900204659,-0.9717850089,-0.0636407956,-1.4646977186,-1.2076487541,0.7449243665,0.9240576625,1.7343350649,-0.1403275430,1.6317738295,-2.8475103378,1.3401049376,-0.3693509996,-1.4339281321,-1.5491081476,-0.1164274812,2.3946082592,0.6285102963,1.7908478975,1.8278661966,-0.3471537232,-1.5908200741,-0.2992734909,-0.8888069391,1.7049875259,-0.5373518467,0.4674681425,1.3600114584,0.7330997586,0.4992827773,2.0620281696]' WHERE rfid_tag = 'EMP008';
UPDATE employees SET face_embedding = '[-0.4120703042,-0.1343486905,-1.5541460514,0.4129095972,1.6911745071,1.8565626144,-0.7836025953,-1.1924607754,-0.9200895429,-0.2979235649,-2.7214348316,-1.8564823866,2.8248696327,1.3159145117,-1.2317551374,-0.7774891853,-1.3756458759,1.0043866634,-0.4178914428,0.6212201715,-1.0277159214,2.0637280941,-1.7480993271,2.3634274006,-2.0301742554,-1.2800753117,0.8220180273,2.2502326965,-0.7623705864,1.9940904379,-1.0209380388,-0.5447294116,4.6669721603,1.1306514740,-1.7811065912,1.5838170052,5.3443574905,1.0802688599,-0.0683161244,-1.9747896194,0.4376713932,-0.6045246720,-0.4386163950,2.1798012257,0.0863597766,1.6602516174,3.2967851162,-2.1724939346,0.4640112817,1.7825983763,-1.8076062202,1.1386162043,-1.2100493908,-0.5593991280,2.9324533939,1.7295862436,-1.6288459301,0.1118424907,-2.9240012169,-2.4060518742,1.8044563532,-2.0515019894,-0.4834137559,1.0625708103,-1.3647322655,-0.0145985018,0.4664431810,0.7735199332,2.4205403328,0.8046406507,2.3922851086,-0.1367859691,0.0610862263,3.0622148514,0.7547627091,-0.3671978116,0.3597586751,2.1617047787,-1.6781835556,-2.6689076424,-0.8758537769,0.3892860711,-0.3576048315,1.9028602839,-0.3459393084,1.6016176939,0.8573592305,0.2797433436,0.8229830265,4.2701745033,2.0452547073,1.3006727695,-0.4606837034,-0.1379273534,-0.8802096248,0.3497465849,-1.2025618553,-2.1018874645,-1.9246292114,-2.7726986408,-1.0815269947,0.7336372733,-1.4575612545,-3.1440229416,2.0862786770,-1.6706432104,-0.0925819203,0.8720352054,-0.4656518698,1.7896734476,-0.1202737466,-0.2777790129,-1.9061710835,-1.9226288795,-0.6028851867,0.7072923183,0.3315318525,-0.2745058239,0.6556939483,2.5038487911,0.0781949461,0.0799112394,1.0841563940,0.2084482312,-1.6051667929,0.5639414191,-2.8674254417,-1.7092944384,0.3067700267,0.8738451600,-2.3071973324,0.5843681693,1.4535343647,-2.9142475128,2.0869674683,-2.3486471176,2.6935369968,-0.5005162954,0.7231318951,0.1652093083,1.4426524639,-3.4257450104,1.0098502636,-1.2514011860,0.2742385566,-1.4149547815,0.8842455745,2.0205323696,0.1886235178,2.6190071106,-1.8001822233,-2.6963946819,1.7089246511,0.4241209626,0.1846434921,2.0088803768,0.9798290730,0.1189447865,1.2942661047,-1.1288120747,-1.9868602753,-0.5336314440,0.5631985068,0.7707625031,1.9462382793,-1.0810998678,0.3655290902,0.4757855535,-0.0344999693,-0.7348152995,0.4581095874,1.4822432995,0.3488372564,-1.4332931042,-0.0798195451,-0.2589867115,-0.6969188452,0.0466827676,-2.3530020714,-2.3144416809,-0.3916292489,-0.2638194859,1.0296652317,-0.4381644726,-1.7399131060,-0.1774619222,0.1871923208,0.9178351164,-0.3110719919,-3.9766290188,-1.9504063129,-0.4125802219,-1.0865573883,0.9437109828,2.6914370060,-2.7361786366,2.4166331291,-1.5521621704,3.4198238850,-2.2236881256,-0.2764756978,1.2589906454,1.4166170359,-0.0067735063,1.6553006172,2.4119274616,-2.2145960331,0.5976741314,0.4482726455,-1.5668634176,1.9548213482,-1.2748365402,0.5454469919,-0.9072619677,0.0121882921,-1.2237811089,-1.5265692472,-2.5654766560,-2.1402342319,0.6377468109,-3.3250691891,1.0897653103,-0.3014255166,-1.1662194729,1.7317217588,3.1382284164,1.0557385683,2.7241406441,-1.5777871609,0.1130092815,-0.7081704736,0.4587965310,-0.6420977116,-0.9315756559,-0.2783387899,0.3907597959,1.1952987909,1.0504789352,-3.0694937706,2.1757607460,-1.2478148937,-1.9891195297,-2.2721443176,2.3195772171,0.0444553643,-0.6723338962,-0.5283665657,-2.6480188370,-1.9747343063,-0.6069540381,1.8521341085,-1.2101390362,-4.2565646172,-0.1426762342,0.1681521833,0.0837322474,2.2998414040,-0.9607268572,-2.6057896614,-0.0953800008,-2.4529917240,-1.0605914593,2.5761988163,0.7337153554,-1.9105130434,-1.3084683418,0.8488303423,-0.7422281504,0.5681064725,1.1484684944,2.0589838028,0.8852381706,-2.0615673065,1.0893385410,0.0900125131,0.4632560015,-0.6139213443,-1.1938183308,-0.8785154819,-0.1562935710,-0.5059369802,0.7920457721,2.9807236195,-1.6124912500,-1.2098289728,-0.2843967080,-4.3031206131,0.6595808864,-3.0720090866,0.9029445052,-1.7243180275,-0.0062878206,-0.0940940082,-1.4595729113,2.4313690662,1.8429117203,2.0465214252,-1.8406929970,-0.9463365674,-0.1673165113,-1.3456875086,1.3735796213,-0.5035213828,1.0563893318,-0.5129672289,0.8505342007,-0.1034542993,0.7006880045,2.6494457722,-0.2684179544,1.9628843069,3.0570323467,0.3386162519,-3.0289790630,-0.1743162572,2.1777555943,-3.3566308022,0.3925747871,2.5630183220,-0.3934685588,-2.1498537064,-2.3055341244,0.4390447140,1.3313863277,-0.2795043290,1.9626924992,-1.0814920664,-1.5464779139,3.5734503269,-1.4142309427,-2.8961923122,-0.6684882045,3.2063694000,-1.9964287281,1.4669996500,-1.1308814287,-0.3216813207,0.4313597083,-0.0529177263,1.6891912222,0.4088572264,-0.7006815672,-0.0916152298,0.5008315444,3.4507939816,3.3627650738,1.0069220066,2.4256253242,-0.0837327614,-1.0774254799,0.1455708146,-1.7930848598,-0.5779065490,0.9870277643,-2.2746083736,0.2063172609,-1.5057866573,2.5058181286,-0.2973060310,-2.8623154163,-0.4460462928,-0.5033779144,-1.2949242592,-0.1564733088,-1.7750982046,1.4454113245,-0.2582782805,-0.0620231479,-0.8090791106,-1.0560908318,0.4467771053,0.8892489672,-0.8888530135,3.9385640621,1.1740717888,1.7168219090,1.6306042671,-0.0511869602,-1.7860056162,2.1730046272,0.1644548476,-1.2009121180,1.9367940426,1.9570451975,-1.5372250080,1.2827613354,-0.0347886309,-1.9184724092,0.6922349334,0.5274334550,-0.6272053719,-2.1458616257,6.0936212540,1.5237444639,-0.3294215202,0.1124487892,0.7150474191,-2.6027262211,1.1791878939,1.1787133217,-0.1381721050,0.3481737375,5.4014010429,-3.1586260796,-0.2692102790,0.1548382044,0.6397227049,-0.5215290785,0.3086922765,-0.7158100009,-3.1829476357,1.5640219450,3.0250463486,-0.3007692397,3.1832368374,-1.1497309208,2.8151845932,0.8793331385,-0.2077189833,0.7640212774,0.9944174290,-0.8361158371,1.5891460180,-1.3905522823,3.6625919342,0.3460018039,0.6401095390,-0.9976891279,0.1012197956,-1.4161736965,1.7112139463,-0.2437116355,-3.5427212715,2.9112992287,-1.0017865896,0.4224324822,1.4098194838,3.8067617416,-0.1977920830,0.2441828251,1.1250050068,3.7149024010,0.2139718980,0.5203968287,0.3086474538,0.7679266334,1.0489019156,-1.1177153587,2.0145962238,2.5760440826,0.6211840510,-0.7393772006,1.3031001091,0.0965954140,0.0370577946,-1.0328185558,-2.2505576611,-2.0833241940,1.6780872345,1.2979294062,1.7705364227,1.3093719482,0.7795646787,0.1905399859,-1.0626056194,-0.5630130172,-0.5772546530,2.2804541588,0.2584961653,-0.4439835846,-1.6175906658,0.4915763438,-2.1364748478,-0.1363439262,-1.0002784729,0.1718411297,-1.1379251480,0.4302124083,-1.2671797276,-2.1065073013,0.4012753963,1.6367791891,0.3127453923,-1.6352546215,1.1382853985,-0.0792962089,0.0369325913,1.1714063883,0.7952877283,-1.4632664919,1.6637181044,-1.1814880371,0.6032302380,-0.4469578266,-2.1487369537,-1.2477182150,0.5578265190,1.5210620165,2.3676571846,0.1831785142,-0.1835824549,0.1090574786,0.8411161304,0.3908168674,-1.9639141560,-0.1899363250,-3.7166166306,-0.3772926033,2.1770222187,-0.6636640429,0.4249340594,0.7707034945]' WHERE rfid_tag = 'EMP009';
UPDATE employees SET face_embedding = '[-2.7978680134,-2.4847743511,-0.3869687617,-0.6529772282,2.5263488293,2.0893068314,0.3920072913,0.8746589422,-0.3488122225,1.2088272572,1.4264928102,2.6297373772,3.0158860683,-0.1861443669,-1.7138648033,-2.8341841698,0.3618167937,-0.5448287129,0.3223381639,-0.7944713831,-3.2615745068,2.8354451656,0.2936187387,0.8048247695,1.4004526138,-1.6924579144,-0.9389733672,2.5489716530,1.3731927872,1.2686032057,0.0531782657,-0.0982009545,2.2588868141,-0.3916257322,0.3410302699,0.1207450032,0.0789160430,-0.1966965646,-0.6947804689,-0.6664842367,-0.4427200556,0.6906533837,1.5192930698,-1.6261465549,1.2474157810,-0.3648399115,1.6464817524,-1.1512466669,-0.9730497003,0.7232769132,3.6650221348,0.2462188452,-1.3388466835,-1.7087802887,-2.5933496952,0.9558059573,1.0189549923,1.9430128336,-1.5288269520,2.4845833778,-1.4153726101,-2.8305935860,-1.0719764233,3.1182262897,-0.1595838964,0.3036221862,-0.3743003011,-0.5061214566,1.4514682293,1.7955657244,3.1559703350,1.4310991764,-0.9399559498,0.3864989281,-0.7061144114,-0.0053857267,-1.1293275356,0.3322043121,-3.0285949707,-2.3886840343,2.4317610264,-0.2308672220,-0.4804773927,1.2474740744,-0.6598985791,0.7723494768,-0.7360370159,0.7938461304,1.1034297943,1.2802211046,0.9362316728,-0.1198785007,0.9906405807,2.2702052593,0.2657496333,0.4550032020,-1.7930122614,-1.4220448732,-1.1163409948,-0.1277696192,-0.1344262213,-0.8781640530,-0.8071172237,-0.3865796626,-0.1121187210,-2.6181819439,0.1133159995,0.7945559025,-0.6756569147,1.8694496155,-0.6958094239,1.5831215382,1.5504102707,0.7415280342,1.2388837337,-1.5167509317,0.1565870196,-0.5379160047,-1.1586104631,-1.4679358006,1.4258880615,-1.6428971291,1.7067916393,0.8954481483,-0.1037724540,0.4445596039,-2.3599610329,-1.5101836920,-1.4333982468,-2.4683599472,-2.5816903114,1.9865853786,-2.1531841755,0.4200889170,-0.2049580365,0.7643346786,1.9751209021,0.8957849145,-2.5858895779,1.6883151531,-0.2496419102,-0.5583373904,-0.1000289991,1.7128678560,1.7164789438,-0.6632991433,1.0011521578,2.6705863476,3.4966809750,4.0494427681,1.2422088385,-0.5559203029,2.9976799488,0.1468782425,-0.3401609063,-0.5100470781,0.6497671604,0.4392926991,0.6493360400,0.6821637750,-1.7092108727,-1.8194571733,-1.7612031698,-1.1766039133,-2.4122500420,-0.3007948399,-0.7486833930,3.2013127804,0.9909411669,0.3957719207,1.1145157814,1.3800185919,-0.9151123166,-0.5466805100,3.0737547874,0.9420370460,1.1922227144,1.4879207611,-1.5581557751,-2.1759700775,2.9475224018,1.7354075909,1.0897253752,0.6681499481,0.3395627141,-0.1488219947,-2.9639956951,-0.1859756708,-0.2075855285,1.2762433290,-1.3984198570,-0.6444746256,0.0465052128,-1.1553833485,-0.9725952744,-3.2518246174,0.0809275806,-1.8368116617,-0.6413406134,-0.4445593357,0.2249902636,1.3103832006,-0.3962210715,-0.2110553235,-0.0658968836,-0.5071651936,1.6489259005,1.0398542881,-0.1309748143,-2.7882888317,3.5928232670,-2.7228622437,1.8605971336,-1.4965802431,-1.2895811796,-1.9822567701,0.2621952891,-0.9921320081,1.4463980198,-2.3469438553,-0.9461055398,-0.1700224578,0.8786721230,-0.0502233803,1.4788966179,0.9242813587,3.6472284794,0.0275188237,-0.6272103786,-1.1452846527,-0.3102731705,3.1244001389,-2.2580993176,0.0912825689,-1.3405555487,0.1826360375,-0.2220472544,-1.6724808216,-1.0413299799,4.0138874054,0.4337577820,0.3183661699,0.5045580268,-0.5307774544,-2.1049010754,0.0894670039,-1.2846460342,-0.2218821794,0.8749352098,0.9270625114,0.1152338386,-0.7740165591,-0.0538760796,1.1783407927,1.1937519312,-0.7023226023,0.6804906130,-1.3269860744,-0.1208912134,-0.9667097926,0.6176350713,-2.2782986164,-0.0317850597,2.6384902000,-1.8968772888,-0.2882873714,-2.1207845211,-0.5292527080,-1.3336393833,0.5117424130,-1.6688306332,1.1835992336,0.8536834121,3.5169110298,0.5909675956,-0.9793602824,0.5930505991,-1.3156172037,1.5784306526,-0.4943001270,0.5920009613,-0.3225672841,0.7101306319,-3.5880501270,0.8241046071,1.8780424595,-2.4698214531,2.5322787762,-0.9532407522,-0.1195868701,-1.0987282991,-0.4313427508,3.2500889301,0.9924594164,2.6279094219,1.8263080120,-0.0287139043,-0.0726305172,-1.2096089125,-0.5136876702,-2.9954547882,0.3628469706,-1.4504420757,-0.7117996812,-1.4404753447,3.6932640076,0.0156570692,1.8683987856,1.6993441582,-0.3774835169,1.0373733044,-2.1318395138,0.6777327657,0.3833287656,1.4869849682,1.3937096596,0.2667941749,0.3828751445,1.5579379797,0.2445812970,1.1878458261,-1.1635569334,-0.9394953251,2.9898726940,1.9253849983,1.3487813473,-0.4378704131,-1.5515549183,-1.1195493937,2.0535027981,-1.0493162870,-1.2552022934,-1.0349684954,-0.6758139729,-0.6205408573,0.9668579102,0.3094234467,-0.4559674263,-0.2735094428,-0.7785898447,2.8755283356,1.6995290518,1.9056366682,-1.2360042334,2.0043137074,0.6431580186,0.1838774830,1.1008908749,0.4912540615,0.0421597883,-0.9337832928,-1.6384655237,0.7629936934,0.1065370813,-1.6580057144,-0.2989807427,-1.1171712875,0.4205486774,0.0762297362,0.5056180358,-1.8699525595,1.6639035940,1.9607889652,1.6340293884,0.7575143576,-0.3751881123,0.2568887770,-0.4965741038,-3.1797215939,1.1246173382,0.3432328105,-0.9140454531,-0.8252910972,1.4901044369,0.7335277796,-0.1072315574,-0.6171711683,-0.4426650703,-1.4434959888,1.4799050093,2.1316006184,-0.4798809886,-1.1195256710,4.2830967903,-0.3206749558,0.7362731695,0.2322554141,-1.1684626341,0.9994289279,1.3043709993,1.1933060884,-0.3825711012,3.2368836403,-0.3561160564,0.7855812311,-0.2102769166,0.2823958695,-1.9618668556,-1.5180062056,1.4346832037,1.3513627052,-0.6787343621,-0.0539896116,-0.2991718054,1.1194678545,0.2467751950,0.9524770975,-1.7367682457,0.0823238343,1.6064001322,-1.8500490189,0.5144363046,2.8901603222,0.3682126999,3.3466880322,-0.0076364558,0.5792051554,-0.5437474847,-1.1329731941,1.3832544088,-0.0369005203,-0.7988877892,-0.4661645889,-1.8931177855,-0.4609827399,5.6070194244,-0.1837946177,-1.2578502893,0.2315526009,-1.2641495466,0.6649554968,-2.5477771759,-0.0438624695,-0.5973502994,-1.3619153500,1.3609936237,1.0890059471,-0.1517728418,0.2467803359,-2.3354866505,-0.6955357194,-0.8460887671,-2.9918892384,-2.3984868526,-0.0720425695,0.0779358447,0.2062065303,1.1757344007,-0.5715732574,1.7647358179,-2.2554655075,-0.4051296115,0.6187189221,0.8002470136,1.5183176994,2.2219896317,-0.0782711655,3.3126802444,-1.6882222891,2.8694579601,-1.2761557102,1.8653692007,1.7372467518,1.0629054308,0.2346281260,0.5785756111,0.4494643807,1.6085788012,-0.6596761346,0.8165225387,-3.6701231003,0.8329548240,-0.6317394376,-0.8130735159,-0.9636294842,3.8128106594,2.6361293793,0.3451556563,1.9844563007,-2.0709459782,-1.6067819595,2.1149637699,-0.2685532570,0.3252453506,0.7524672151,-0.4359822869,-0.3051801324,1.1453598738,-1.0645960569,-0.7436311841,2.3303451538,-1.5927027464,-1.5022854805,0.9664541483,-2.7844834328,-0.4641716480,-1.5859682560,-0.2061286420,2.4352056980,-2.5250177383,-1.0391201973,0.5367264152,-1.4103679657,-0.8547865748,-1.9222856760,1.3970805407,0.5446457863,0.4421898127,-1.3858866692,-0.4009717107,1.8790583611,-0.9369333982]' WHERE rfid_tag = 'EMP020';
UPDATE employees SET face_embedding = '[-2.1530008316,-0.7466320992,0.6399667263,-0.1681775451,1.9855287075,1.8177880049,3.1722352505,-0.0594088323,-3.5288882256,1.6029267311,-0.8045352101,-2.5138001442,0.7426480651,1.0728642941,-0.1563048810,-0.3090008199,0.9901063442,-0.1642826051,-0.8271998763,2.0888173580,0.6299270988,-1.7291268110,0.7689228654,0.7586987615,0.3859612346,-1.1084605455,0.6282497048,-2.2707169056,-4.2255783081,0.7720284462,-0.2097535729,-3.7281324863,-0.2790860534,1.6167155504,0.1907180846,1.1203279495,-1.5931943655,1.1882361174,-1.6848098040,1.4731669426,0.8984826803,-2.6942598820,2.0102744102,-1.6058932543,-0.6933916211,-0.6516340375,-1.2922976017,-1.9168298244,-1.3644738197,-1.9001636505,2.1700725555,1.2285091877,-0.9494535923,0.2145843059,0.6937947869,0.9385098815,0.4637504816,-2.0420448780,-1.5486649275,1.1494028568,1.7935743332,0.4018629193,0.3098026514,0.3244124055,0.5278480053,0.1240696833,-1.2380106449,1.4606428146,-0.8364498019,0.0339137428,-1.6869086027,2.1952581406,0.4821313322,0.1929255724,0.8498177528,2.1263766289,-0.9658962488,-2.1087954044,-1.2533752918,1.7494012117,-2.4807083607,1.3090492487,-3.0792284012,0.6950072050,-0.1420743018,-1.9103611708,1.3347184658,0.6478067636,1.3857340813,2.5154128075,1.9783726931,1.2928006649,3.6607770920,-1.5458065271,-3.5090434551,1.0993363857,-1.5017889738,1.7013580799,0.2862311304,1.3673161268,-2.8050916195,-0.9084370732,1.0001907349,-2.4528410435,-1.6953297853,-2.0905182362,0.4666186571,-1.3605418205,0.5144898295,-0.5897464156,-0.9980803132,2.7394831181,-0.3223744631,0.1318594217,-1.9840567112,1.8236011267,1.1041096449,1.2866909504,0.5676607490,-4.1289424896,1.6652172804,-0.2470768988,0.7416102290,0.0285065379,0.9752689004,1.2299628258,-2.0596117973,1.8333382607,-1.5041271448,-0.2316714823,0.2339935750,1.5198875666,-1.4462890625,0.4144695401,-3.7411077023,0.9757997990,0.1901397854,-0.2613004744,1.1104605198,-2.5733952522,-2.1803681850,1.3465470076,-1.2484186888,0.8091887832,0.0812674016,-0.8621845841,0.3370795548,-1.6174484491,0.0962139070,-2.1618881226,-1.7453567982,1.9138985872,2.0028042793,0.1156563684,-0.7651132345,2.7928631306,0.1090097204,0.8582437634,-0.2211183459,0.1172534823,0.4599434137,-0.1837446392,2.0131490231,2.9675118923,-0.0036775097,1.3759832382,0.8398794532,-0.6546158791,-1.5663168430,0.0052934587,-0.1270510405,3.8686769009,0.4062181115,1.1266266108,0.2459740639,-0.1844860315,-1.5185850859,3.1472997665,4.7113795280,2.2987899780,0.0205124654,-2.1618490219,-0.1358698606,-1.2486195564,-1.7924320698,-0.1712723672,-3.1468248367,-0.2458189577,0.6582305431,-0.1987167299,-1.1683008671,-1.9409562349,-2.5148224831,-2.3674476147,1.6733527184,-0.7906756401,1.9168734550,0.6542987823,0.1086210981,-0.3163073957,0.6799598932,-1.4162102938,-0.1461753994,-1.0876196623,0.7405343056,-0.3704593480,1.9165513515,0.5205029845,-1.0254877806,-3.5286340714,1.5863773823,0.9232842326,1.0350114107,-1.1834261417,0.3829991221,-2.5122075081,0.2274765223,-0.8994264007,-0.3328185976,-0.0266243275,0.2037629038,0.0317983776,1.0620560646,-4.9025907516,-2.1982383728,0.3946991861,-0.0836005807,-0.5946730971,0.5813143849,-0.0233370010,-1.1059015989,1.6306365728,-2.8466999531,-1.3037275076,0.9445868134,-0.2801611423,0.9112516046,4.0000114441,-1.4370630980,1.1510139704,1.3414181471,-0.0093887663,0.5165898204,-1.1827373505,-0.9299380183,0.1156004369,-1.1263661385,0.9522999525,-0.2585261166,-0.5850849152,0.7323634028,0.6195202470,0.4408916235,1.6152980328,0.5472156405,1.1610229015,0.7389217019,-2.0333118439,-1.4738764763,1.8757932186,1.3792698383,0.8755767345,-0.4104560912,-1.2883725166,-1.6641750336,-0.8101868629,-0.1178067699,1.0505193472,-0.9684949517,-0.1000125632,-0.9831824899,-1.1453742981,1.0884919167,1.5890001059,-0.7118862867,-2.3429884911,0.0448224619,-2.2479376793,-1.4994903803,0.1034685373,1.4555764198,1.8311127424,1.6321364641,0.9213455915,0.2137959599,1.5153830051,-0.3931587934,2.0341191292,-0.2717235684,-1.7544846535,-1.4977481365,1.9807921648,-0.7248868942,0.3434654474,-0.1531106532,1.6814060211,1.5426316261,0.3606569171,2.9997198582,1.3054347038,0.2983105481,1.3631526232,-2.3771131039,0.7875016332,0.2974871099,1.6277711391,1.3519862890,-0.6028357148,0.9979879260,-1.3967193365,-0.3493592441,-0.0944282413,-1.6534326077,0.0093588568,1.0517864227,-1.4144353867,-0.5628847480,-2.4585022926,1.5272717476,0.4184123576,2.5214395523,2.7307333946,0.5229250193,-1.4843708277,-2.1976490021,-0.2773516178,-0.9647257328,0.9163304567,-0.9190258980,0.8370863199,3.2046439648,0.9292789102,-0.8130940795,0.8943414092,-2.4326362610,-1.4556782246,-1.5351586342,-0.2094384730,-0.1011088267,-0.0544389561,-1.1423677206,-0.3211298585,-2.1375958920,0.2689297199,3.7057335377,-0.1296269894,4.1642818451,-1.1082565784,1.2228289843,0.0614401922,1.8125529289,-1.1156870127,-0.3255011439,0.5109251738,-2.3675463200,2.6579265594,0.7239855528,1.7238276005,-0.1458104402,0.0927408487,1.5517750978,-1.2020956278,0.2924663723,-2.8098051548,1.1656364202,0.0692567676,1.6921359301,-0.2740449309,-0.4303292632,-0.9173229933,-1.9408611059,0.8969849944,-0.0354371518,2.7943475246,1.1187318563,-0.3209193051,0.2794533670,-2.4439294338,2.8704924583,2.4207139015,0.7405073047,-1.7655577660,-2.1778748035,2.0725703239,0.0768286288,-0.9108223915,-1.2016195059,0.4044052660,0.2418532968,2.1613013744,0.9982877970,1.4986342192,3.4204733372,-1.9617977142,0.3297325373,-2.2969796658,-0.2522102594,1.5298619270,-0.1609674692,0.8649595976,-1.4127789736,-0.6981459260,-2.8364586830,-1.4398036003,0.4659612477,1.2161478996,0.8930173516,-2.1996357441,0.1156472713,-1.5472658873,-2.6767749786,-0.1670987308,3.4629712105,0.1259599328,-0.8343749046,1.8299845457,1.8007894754,-0.8330853581,-1.8744026423,1.5435227156,0.1379193664,0.1069916859,1.6762431860,-3.4907295704,0.2214000523,1.4906696081,-0.1149163842,-0.5623146892,2.5853950977,-3.7239253521,1.7944296598,0.1984046698,-0.9470777512,1.1593155861,-0.6770258546,1.1733410358,2.0281305313,1.6164023876,1.4905949831,0.5310503840,-3.0831985474,-2.9518582821,-1.7575550079,1.0967429876,-1.0395151377,-2.1833095551,-0.6699115634,0.0493269265,-1.5056058168,0.6705396175,-3.5260601044,-0.5890009403,1.3224525452,-0.4917616844,1.0099958181,0.4708388746,-1.8652846813,-0.9142566919,0.6217503548,-2.5975654125,-0.9533995986,0.0102818906,-0.6950572729,1.3576750755,-0.3112322688,-1.3436602354,1.0297796726,-2.1639213562,-0.9689421654,0.1387765557,0.4058284760,-2.2291889191,-2.1432120800,-1.4604088068,0.4531933963,1.5472823381,1.1071255207,2.4262149334,-0.2697541714,2.2789199352,0.4854314327,0.5820736289,-0.2477322072,-0.5996764302,1.3292890787,1.9307459593,1.9153237343,1.9438599348,2.1621024609,-2.1397848129,1.7268731594,-0.1416993737,0.5097838640,-0.9981125593,-1.4142404795,-0.4203137755,-3.0482807159,4.7225842476,-0.0292059556,2.0434241295,3.8149256706,-1.0677088499,1.4900646210,1.6645276546,0.7194229364,1.0245817900,-2.3411827087,0.0194438286,-0.1657676846,0.4104916155,1.7198653221,3.8461515903]' WHERE rfid_tag = 'EMP021';
UPDATE employees SET face_embedding = '[-1.0153018236,3.4475376606,1.9811471701,-1.2929711342,-0.2258189619,0.4761044383,-0.7402015328,-1.1093173027,-0.2327199578,-0.2470696568,0.5237568021,-0.5459645987,0.0238917321,1.4699261189,-1.4460780621,1.3045654297,-0.9606210589,-1.9592924118,0.8020710945,1.1732040644,-0.7177073956,-0.0382591262,0.7582026124,-1.1110552549,1.1437036991,0.2020414025,-0.0223737732,-1.5916641951,-2.1167891026,-1.1534878016,-0.6170624495,-0.2882344127,1.5060503483,0.6748994589,-0.1571357399,-3.4278995991,-1.7313473225,-0.1873816848,-1.3259185553,-2.0155358315,1.4903378487,-0.5513586998,-1.3583853245,1.2811536789,-0.3920113742,-2.1174595356,-1.4035665989,-0.3823336363,0.2786531150,0.4349874258,2.0457847118,1.5760719776,-1.9381276369,0.5009267330,-1.0302602053,1.2003766298,-0.0366252698,1.1627227068,-0.5704050660,-1.8805158138,-0.1091760993,2.0916144848,2.6694321632,0.9161047935,-0.3565919995,0.0899404585,0.0468683913,-0.6083213091,0.5529703498,2.3358542919,0.1071535870,-0.6944263577,2.7116985321,0.8935392499,1.7169048786,1.2511564493,-0.0396929793,-1.3838105202,-0.8780727983,1.0102087259,0.6722281575,-0.4499872625,-1.6584180593,0.0490605421,-0.2939953208,0.6674855947,-1.1630101204,-1.9222511053,2.6070442200,1.6151570082,1.7149140835,-0.0664196387,2.4497711658,-2.4572696686,-0.5961124301,-1.1846123934,2.1279511452,1.0281113386,0.0178815238,0.7679214478,-0.9669777155,-1.2730072737,0.7914311290,-2.3593919277,0.3927491903,0.7405350208,0.1641913056,2.1266510487,-1.0947707891,-0.6676698327,0.3903357983,-0.9611756802,-1.4470545053,-0.6596735716,0.5191733241,0.0310326889,1.3527836800,-2.2263805866,0.7939513922,1.1057125330,-0.3141958416,0.0631761923,1.9176217318,-1.7606296539,-0.8497040868,0.9463324547,-1.4234533310,2.5657215118,0.0722660646,-0.8207334876,0.2247383893,0.6027591228,-1.0127553940,-1.0692623854,0.6540985107,0.8414484262,0.2384756058,-1.8351666927,0.8481200933,1.8264753819,-2.5689356327,0.6825973392,-1.1042779684,1.2567418814,-0.1018751264,-1.6377201080,1.1087121964,1.2908720970,-0.4053635597,0.3953888118,-2.4349074364,-0.6630586982,0.1227484420,0.9815835953,2.2058746815,1.0271598101,-1.2101461887,-1.2656806707,0.0039258637,-0.5972114205,-1.5638234615,1.5784410238,1.0928363800,1.7845269442,0.9354351759,-1.9023085833,-0.3833488524,-1.3331702948,-0.8337277174,-0.6414933801,0.0065655466,-3.1381144524,0.4031590819,0.1764120162,-0.5547172427,-1.0692994595,-1.4582902193,-1.7690427303,1.1388880014,-0.6343199015,-0.6455629468,0.6088840961,-1.6192688942,-0.0818789974,-0.0917008221,-0.9681435227,1.9183095694,0.2400978953,-1.0019100904,1.7553344965,-1.3434821367,-0.3470595777,-0.9450023770,2.5923445225,2.2644877434,-1.7023451328,-0.4032149613,-1.5231723785,2.3396515846,-0.4389661252,-1.1574105024,0.8696402311,0.7942128778,0.8743507862,0.5063794851,-0.3327423036,-0.2360394001,1.8046611547,1.5734364986,-0.8279566169,-0.8580770493,0.9539033175,-0.4037619233,-0.9025568366,-0.5054085851,0.0656609386,-1.4166864157,2.2178406715,0.8897829056,-0.9765356779,-1.5809724331,-0.9509728551,3.9318158627,-0.0947611257,-0.2777610421,2.7022025585,1.0548883677,-2.1925463676,0.5984313488,-0.2522276044,0.2404031008,-0.7767440081,-1.6327123642,-2.9671511650,0.3017042577,2.2171001434,-1.2944755554,-0.1215610281,0.1807648391,-1.1090326309,-0.5681505203,-0.4671217799,0.1888918430,-1.4993536472,1.3786221743,0.5527957678,-0.0457510650,0.2818514109,-0.8144041896,-0.7061472535,-1.3275606632,-0.0392863490,-0.3770031333,0.5727685094,-1.7785052061,-2.1011927128,-0.1963258237,-0.7420225739,-1.1485556364,-1.0565662384,-2.5704593658,1.4520541430,-0.7849094868,-0.0282057039,0.1329173595,-0.7587914467,1.1750051975,0.2822500765,0.3206826150,0.1631548256,-0.0323278122,1.9894789457,-0.0786134750,0.7186268568,1.2701261044,-0.5549293160,-0.4123100638,0.2585934103,3.3376514912,-1.4184768200,0.6148015261,0.7577807903,0.4866668880,-1.7414749861,0.7685922384,0.8085726500,1.0606702566,1.0349383354,0.1467768103,1.2685264349,0.0292004924,-0.9084498882,-1.5991654396,-1.7393937111,-0.5774915814,1.5832287073,1.1117656231,1.3533836603,0.9245574474,-1.1983096600,-0.8815721869,2.0835361481,2.2668776512,-1.2613658905,0.0401890315,-1.2885224819,0.2227200121,-0.1827617586,0.6084894538,1.0254738331,-0.1249182150,-2.2066791058,-1.3178211451,0.0463906005,1.7021739483,1.1489878893,-1.2057912350,1.3909333944,2.1805257797,-2.9978218079,2.2444906235,2.0756618977,-0.1906720549,-1.4361227751,2.5925230980,-0.3356596529,-0.4255297184,2.3144741058,1.9802796841,2.7060430050,-0.0029013725,0.4796882272,-1.0238837004,-1.4423996210,-0.5649935007,1.1751015186,-2.7530145645,-0.3139556050,-0.7963333130,1.0938795805,-0.5839121342,1.6135165691,0.0098438179,-1.8978279829,1.6090836525,-0.8010922074,1.3468697071,0.9537101388,0.8269898891,2.1467773914,1.9959990978,-3.4044947624,-1.9086507559,1.9240478277,0.5894297361,1.6863251925,0.0961509123,2.3473563194,-0.5010345578,-1.3226044178,-1.3706074953,-1.3293129206,0.9694826007,-0.4356973171,-1.4707425833,-0.0082294513,3.8778913021,0.6597295403,-0.8547419310,-1.2444047928,-0.3522889614,0.6622874737,0.3971084356,1.8358373642,-2.6048281193,0.8550087214,0.1383301616,-1.3907971382,2.0268371105,0.4901495874,-0.2696185708,-1.2613204718,-1.8693438768,0.4172507226,1.2801463604,0.1487185210,-0.0603034720,-0.1838866770,-1.4818354845,0.9103727341,0.2365614921,0.3446391523,2.6198458672,0.2500107288,-0.4190112352,-0.0670033991,-1.6570895910,0.3446785808,0.1793970764,-0.7604992390,0.3895345330,-0.6360852122,0.1669871807,0.7416523099,0.2512319982,-1.1478385925,-2.2158601284,2.8887479305,-0.1108473092,-0.1219688803,-0.1319846660,-0.1858164668,0.5658271313,0.8251722455,0.8304064274,1.0496048927,-2.0766048431,-3.2230238914,-1.5577932596,1.9666413069,-0.6444479227,-2.8691196442,1.9757615328,0.4276498258,0.3862276077,2.6247148514,0.4107192755,-1.6026606560,3.1109290123,0.2859649062,0.2594692111,2.1094295979,-0.5889873505,1.0793455839,-1.1363897324,2.8769900799,0.2285627127,5.7188777924,-0.4316235781,-1.0991082191,1.6820242405,1.5080786943,-0.5691561103,-0.9901890159,0.7651224136,1.4143431187,0.5599895120,-0.1727844477,-0.3903057277,2.9965415001,-0.1788325161,-0.9005876184,2.4951374531,1.3434857130,1.4135847092,-1.9551354647,-1.6943418980,-3.4854531288,-0.8973764777,0.9504466057,-1.2721202374,1.5443875790,-1.9772434235,1.6880668402,0.4449001551,0.0365496241,-0.7979887724,-0.8445293307,-2.0293712616,0.2655649483,0.5312623978,1.5684419870,-1.6719975471,-0.5383887291,-1.4841276407,-3.0675530434,3.3674533367,-1.6068168879,0.8511972427,1.4823209047,0.4215928912,1.0698862076,1.9273238182,-0.9786565900,1.6005669832,0.4289149642,2.1563813686,0.4206985235,-0.9527611136,-0.6646378636,-0.0802163035,-2.8446938992,-1.6648992300,0.3599757254,-2.0794801712,1.2621065378,-1.3195470572,3.0413124561,-4.7682094574,0.0956312045,0.2296792567,0.3591668308,-1.4325364828,-0.4876196086,-0.1171519011,0.6261764169,-0.6424419880,-0.9442536831,3.1586091518,-1.2206830978,1.1564213037,0.9142376781]' WHERE rfid_tag = 'EMP022';
-- End Auto-generated Embeddings --
